,Dataset,MSE,BCE,WBCE,Pure_Fbeta,Any_Fbeta,WBCEFL,SPLFL,Pure_Gmean,Any_Gmean,WBCEGL,SPLGL,Pure_BAccu,Any_BAccu,WBCEBL,SPLBL
Acc,D,0.652,0.64,0.648,0.668,0.652,0.664,0.664,0.684,0.668,0.652,0.664,0.668,0.688,0.652,0.668
F1,S,0.5618,0.5453,0.6318,0.6728,0.6507,0.6584,0.6668,0.6332,0.6194,0.6262,0.6281,0.6307,0.6655,0.6207,0.6608
Gmean,1,0.6354,0.6264,0.6623,0.6882,0.6712,0.6849,0.686,0.6923,0.6741,0.6619,0.6793,0.6738,0.7036,0.6595,0.6892
B_Acc,C,0.6455,0.6337,0.691,0.7285,0.7062,0.7156,0.7229,0.7021,0.6872,0.6916,0.6913,0.7017,0.7295,0.6892,0.7187
Pre,S,0.5294,0.5016,0.5162,0.5281,0.5157,0.5246,0.5227,0.5499,0.5366,0.5159,0.5278,0.5304,0.5456,0.5139,0.5275
Rec,V,0.6222,0.6111,0.8444,0.9444,0.9,0.9,0.9333,0.7667,0.7556,0.8333,0.7889,0.8222,0.8778,0.8222,0.9
Spe, ,0.6687,0.6562,0.5375,0.5125,0.5125,0.5313,0.5125,0.6375,0.6188,0.55,0.5938,0.5813,0.5813,0.5562,0.5375
,Dataset,MSE,BCE,WBCE,Pure_Fbeta,Any_Fbeta,WBCEFL,SPLFL,Pure_Gmean,Any_Gmean,WBCEGL,SPLGL,Pure_BAccu,Any_BAccu,WBCEBL,SPLBL
Acc,D,0.828,0.824,0.792,0.804,0.812,0.804,0.796,0.8,0.812,0.8,0.84,0.816,0.808,0.788,0.812
F1,S,0.7648,0.7602,0.7413,0.7411,0.7476,0.7456,0.735,0.7389,0.7508,0.7414,0.7785,0.7539,0.7444,0.7294,0.7499
Gmean,2,0.804,0.8016,0.7854,0.7846,0.7906,0.7894,0.7824,0.7854,0.7935,0.7865,0.8156,0.7971,0.7877,0.7782,0.7941
B_Acc,C,0.8088,0.8057,0.7876,0.7892,0.7954,0.7931,0.785,0.7881,0.7975,0.7898,0.8205,0.8008,0.7922,0.7802,0.7976
Pre,S,0.8092,0.7964,0.7235,0.7643,0.7747,0.7517,0.7351,0.7424,0.7699,0.7403,0.8256,0.774,0.7689,0.7143,0.7658
Rec,V,0.7284,0.7284,0.77,0.7284,0.7279,0.7489,0.7389,0.7389,0.7384,0.7489,0.7384,0.7384,0.7279,0.7489,0.7384
Spe, ,0.8893,0.883,0.8052,0.8501,0.863,0.8372,0.831,0.8372,0.8566,0.8306,0.9026,0.8632,0.8566,0.8114,0.8568
,Dataset,MSE,BCE,WBCE,Pure_Fbeta,Any_Fbeta,WBCEFL,SPLFL,Pure_Gmean,Any_Gmean,WBCEGL,SPLGL,Pure_BAccu,Any_BAccu,WBCEBL,SPLBL
Acc,D,0.7614,0.7614,0.7517,0.3663,0.3565,0.7223,0.2647,0.7256,0.7256,0.7387,0.7224,0.7452,0.7354,0.7355,0.7354
F1,S,0.3766,0.3867,0.5447,0.4479,0.4564,0.5189,0.4186,0.5226,0.5309,0.5225,0.5027,0.5242,0.52,0.5204,0.5041
Gmean,3,0.5041,0.5143,0.6785,0.1378,0.1496,0.661,0,0.6658,0.674,0.6621,0.6478,0.6615,0.659,0.6602,0.6451
B_Acc,C,0.6049,0.6089,0.6938,0.5407,0.5501,0.6782,0.5,0.6801,0.6841,0.6813,0.6661,0.6817,0.6743,0.6791,0.667
Pre,S,0.631,0.6239,0.5307,0.3247,0.3085,0.4849,0.2647,0.4864,0.4861,0.5039,0.4773,0.5153,0.5045,0.5019,0.4976
Rec,V,0.2721,0.2846,0.5699,0.9125,0.9625,0.5831,1,0.5824,0.5949,0.5581,0.5456,0.5456,0.5441,0.5581,0.5206
Spe, ,0.9378,0.9333,0.8178,0.1689,0.1378,0.7733,0,0.7778,0.7733,0.8044,0.7867,0.8178,0.8044,0.8,0.8133
,Dataset,MSE,BCE,WBCE,Pure_Fbeta,Any_Fbeta,WBCEFL,SPLFL,Pure_Gmean,Any_Gmean,WBCEGL,SPLGL,Pure_BAccu,Any_BAccu,WBCEBL,SPLBL
Acc,D,0.8484,0.8581,0.8451,0.829,0.829,0.829,0.8226,0.8,0.8322,0.8258,0.8161,0.8097,0.7903,0.8355,0.829
F1,S,0.7677,0.7858,0.7874,0.7731,0.766,0.7665,0.7696,0.7483,0.7801,0.7718,0.767,0.7542,0.6229,0.7806,0.7813
Gmean,4,0.8242,0.8405,0.8531,0.8454,0.8363,0.8363,0.8392,0.8227,0.8467,0.8425,0.8405,0.829,0.6801,0.8508,0.8502
B_Acc,C,0.8279,0.8429,0.8543,0.8476,0.8372,0.8372,0.8429,0.8288,0.85,0.8453,0.846,0.8333,0.7876,0.8524,0.8555
Pre,S,0.7765,0.7807,0.7159,0.679,0.6931,0.6939,0.6782,0.6405,0.696,0.6789,0.6553,0.6531,0.5209,0.6904,0.6793
Rec,V,0.77,0.8,0.88,0.9,0.86,0.86,0.9,0.91,0.9,0.9,0.93,0.9,0.78,0.9,0.93
Spe, ,0.8857,0.8857,0.8286,0.7952,0.8143,0.8143,0.7857,0.7476,0.8,0.7905,0.7619,0.7667,0.7952,0.8047,0.781
,Dataset,MSE,BCE,WBCE,Pure_Fbeta,Any_Fbeta,WBCEFL,SPLFL,Pure_Gmean,Any_Gmean,WBCEGL,SPLGL,Pure_BAccu,Any_BAccu,WBCEBL,SPLBL
Acc,D,0.6781,0.6875,0.5094,0.3844,0.4719,0.4937,0.3562,0.5469,0.5531,0.525,0.5219,0.5063,0.4625,0.5125,0.5094
F1,S,0.2594,0.3094,0.4988,0.4985,0.5437,0.5017,0.5102,0.4079,0.4686,0.4554,0.4338,0.4582,0.4736,0.5047,0.4479
Gmean,5,0.3893,0.436,0.5377,0.1938,0.4162,0.5219,0.08164,0.515,0.5567,0.5299,0.5218,0.5238,0.4178,0.5415,0.5118
B_Acc,C,0.5509,0.5675,0.5666,0.5186,0.5864,0.5617,0.5167,0.5263,0.5657,0.5471,0.5264,0.5391,0.5302,0.5711,0.5383
Pre,S,0.6055,0.6572,0.377,0.345,0.3847,0.3731,0.3428,0.3694,0.3884,0.3647,0.3658,0.3602,0.3553,0.3812,0.3552
Rec,V,0.1675,0.2056,0.739,0.9182,0.9342,0.7667,1,0.4667,0.6013,0.616,0.542,0.6368,0.7312,0.748,0.6264
Spe, ,0.9343,0.9294,0.3942,0.119,0.2385,0.3567,0.03334,0.5859,0.5301,0.4782,0.5108,0.4413,0.3293,0.3941,0.4502
,Dataset,MSE,BCE,WBCE,Pure_Fbeta,Any_Fbeta,WBCEFL,SPLFL,Pure_Gmean,Any_Gmean,WBCEGL,SPLGL,Pure_BAccu,Any_BAccu,WBCEBL,SPLBL
Acc,D,0.8625,0.8685,0.7128,0.7738,0.7952,0.734,0.7493,0.7219,0.7126,0.7217,0.7218,0.7432,0.7036,0.7157,0.7158
F1,S,0,0,0.381,0.3463,0.4032,0.3564,0.3647,0.4204,0.3685,0.4214,0.3948,0.4221,0.343,0.398,0.3992
Gmean,6,0,0,0.6959,0.6051,0.6643,0.6531,0.6532,0.739,0.6755,0.7383,0.7078,0.7272,0.6456,0.7133,0.7056
B_Acc,C,0.4947,0.4982,0.7037,0.6383,0.6894,0.6651,0.6645,0.7412,0.6836,0.7398,0.709,0.7334,0.6555,0.719,0.7069
Pre,S,0,0,0.2637,0.2812,0.3206,0.2609,0.2757,0.2903,0.2597,0.2936,0.2779,0.3005,0.2461,0.2776,0.2823
Rec,V,0,0,0.6917,0.4556,0.5472,0.5722,0.55,0.7667,0.6444,0.7639,0.6917,0.7194,0.5917,0.7222,0.6944
Spe, ,0.9895,0.9965,0.7158,0.8211,0.8316,0.7579,0.779,0.7158,0.7228,0.7158,0.7263,0.7474,0.7193,0.7158,0.7193
,Dataset,MSE,BCE,WBCE,Pure_Fbeta,Any_Fbeta,WBCEFL,SPLFL,Pure_Gmean,Any_Gmean,WBCEGL,SPLGL,Pure_BAccu,Any_BAccu,WBCEBL,SPLBL
Acc,D,0.6342,0.6434,0.5612,0.4209,0.4144,0.5367,0.4086,0.5551,0.5673,0.5732,0.5734,0.5306,0.5247,0.558,0.5
F1,S,0.2734,0.2689,0.4233,0.4777,0.4389,0.4288,0.4693,0.4128,0.3862,0.431,0.4293,0.4209,0.3949,0.4475,0.4163
Gmean,7,0.4105,0.4158,0.5418,0.3778,0.3772,0.5359,0.3656,0.5306,0.5203,0.5489,0.5443,0.5329,0.5079,0.5567,0.5128
B_Acc,C,0.5243,0.5279,0.5493,0.539,0.5064,0.5424,0.5268,0.5423,0.5325,0.5578,0.5615,0.536,0.5204,0.5632,0.5222
Pre,S,0.4086,0.3854,0.3618,0.3334,0.314,0.3511,0.3265,0.3533,0.3466,0.3759,0.3722,0.3424,0.3299,0.3697,0.3278
Rec,V,0.2352,0.2243,0.519,0.8529,0.7476,0.5586,0.8419,0.5095,0.4409,0.5186,0.53,0.55,0.51,0.5776,0.5795
Spe, ,0.8135,0.8316,0.5796,0.225,0.2652,0.5262,0.2118,0.5751,0.6239,0.597,0.593,0.5219,0.5309,0.5489,0.4649
,Dataset,MSE,BCE,WBCE,Pure_Fbeta,Any_Fbeta,WBCEFL,SPLFL,Pure_Gmean,Any_Gmean,WBCEGL,SPLGL,Pure_BAccu,Any_BAccu,WBCEBL,SPLBL
Acc,D,0.8836,0.8866,0.8448,0.8806,0.8806,0.8746,0.8746,0.8507,0.8537,0.8477,0.8567,0.8418,0.8477,0.8507,0.8537
F1,S,0.6149,0.6266,0.6525,0.698,0.6872,0.6929,0.6826,0.6611,0.6656,0.6511,0.6706,0.6418,0.6507,0.6608,0.6656
Gmean,8,0.7683,0.787,0.8969,0.9032,0.886,0.9074,0.8914,0.9008,0.9026,0.8904,0.9046,0.8865,0.8905,0.9009,0.9026
B_Acc,C,0.786,0.8042,0.9009,0.9043,0.8878,0.909,0.8925,0.9044,0.9061,0.8932,0.9079,0.8897,0.8932,0.9043,0.9061
Pre,S,0.5891,0.5837,0.4924,0.5587,0.5601,0.5448,0.5462,0.5014,0.5067,0.4956,0.5126,0.4846,0.4948,0.5006,0.5067
Rec,V,0.6489,0.6889,0.98,0.9378,0.8978,0.9578,0.9178,0.98,0.98,0.9578,0.98,0.9578,0.9578,0.98,0.98
Spe, ,0.923,0.9195,0.8218,0.8708,0.8778,0.8602,0.8673,0.8287,0.8322,0.8287,0.8357,0.8217,0.8287,0.8287,0.8322
,Dataset,MSE,BCE,WBCE,Pure_Fbeta,Any_Fbeta,WBCEFL,SPLFL,Pure_Gmean,Any_Gmean,WBCEGL,SPLGL,Pure_BAccu,Any_BAccu,WBCEBL,SPLBL
Acc,D,0.8391,0.8332,0.7678,0.8183,0.8243,0.7976,0.8096,0.7651,0.7857,0.8036,0.7649,0.7858,0.7887,0.7915,0.7709
F1,S,0.6109,0.6029,0.5864,0.6282,0.6002,0.6173,0.6112,0.5776,0.6182,0.6247,0.603,0.6039,0.6159,0.6231,0.5913
Gmean,9,0.699,0.6978,0.7313,0.7432,0.7058,0.747,0.7281,0.7189,0.751,0.7478,0.7489,0.7372,0.7519,0.7571,0.7336
B_Acc,C,0.7351,0.7316,0.7378,0.7588,0.7339,0.7574,0.7447,0.7281,0.7587,0.7576,0.7529,0.7458,0.76,0.762,0.7397
Pre,S,0.7389,0.7166,0.5209,0.6274,0.6652,0.5732,0.6175,0.5278,0.5704,0.5995,0.5192,0.5634,0.5558,0.567,0.5296
Rec,V,0.5331,0.5338,0.6801,0.6434,0.5581,0.6802,0.6191,0.6566,0.7059,0.6684,0.7302,0.6684,0.7052,0.7052,0.6802
Spe, ,0.9372,0.9293,0.7954,0.8743,0.9097,0.8347,0.8703,0.7996,0.8115,0.8468,0.7757,0.8232,0.815,0.8188,0.7994
,Dataset,MSE,BCE,WBCE,Pure_Fbeta,Any_Fbeta,WBCEFL,SPLFL,Pure_Gmean,Any_Gmean,WBCEGL,SPLGL,Pure_BAccu,Any_BAccu,WBCEBL,SPLBL
Acc,D,0.748,0.7193,0.7136,0.6877,0.6734,0.745,0.6965,0.7164,0.7365,0.7508,0.7336,0.7279,0.7136,0.6877,0.7279
F1,S,0.6467,0.5862,0.6433,0.6577,0.6272,0.6908,0.6624,0.6456,0.6811,0.6844,0.6702,0.6592,0.66,0.6138,0.6763
Gmean,10,0.7116,0.6626,0.7043,0.6966,0.6789,0.7461,0.7081,0.7082,0.7362,0.7436,0.7295,0.7205,0.7163,0.6803,0.7302
B_Acc,C,0.7215,0.6819,0.7105,0.711,0.6861,0.7482,0.7155,0.712,0.7388,0.7457,0.7318,0.7231,0.7189,0.6828,0.7344
Pre,S,0.689,0.6619,0.6019,0.5615,0.5486,0.6327,0.5707,0.6066,0.6288,0.6487,0.6247,0.6228,0.5967,0.5719,0.6104
Rec,V,0.6131,0.5294,0.7026,0.8097,0.7407,0.7638,0.7946,0.696,0.7493,0.7262,0.7265,0.7043,0.7422,0.6652,0.7641
Spe, ,0.8299,0.8344,0.7185,0.6123,0.6315,0.7327,0.6365,0.7279,0.7283,0.7651,0.7372,0.7419,0.6956,0.7004,0.7047
,Dataset,MSE,BCE,WBCE,Pure_Fbeta,Any_Fbeta,WBCEFL,SPLFL,Pure_Gmean,Any_Gmean,WBCEGL,SPLGL,Pure_BAccu,Any_BAccu,WBCEBL,SPLBL
Acc,D,0.8661,0.8661,0.8802,0.8746,0.8775,0.8632,0.8803,0.8634,0.8547,0.8746,0.849,0.8462,0.8604,0.8917,0.869
F1,S,0.7866,0.7905,0.8224,0.8036,0.8119,0.7915,0.8168,0.8006,0.7822,0.8206,0.7709,0.774,0.793,0.8412,0.8047
Gmean,11,0.8155,0.8209,0.853,0.8316,0.8391,0.8243,0.8435,0.8339,0.8205,0.854,0.8092,0.8154,0.829,0.8685,0.8373
B_Acc,C,0.8275,0.8307,0.8574,0.8411,0.8467,0.8322,0.8506,0.8391,0.8273,0.8568,0.8174,0.8206,0.8353,0.8717,0.8435
Pre,S,0.9167,0.8996,0.876,0.9105,0.9072,0.8808,0.9077,0.8617,0.8477,0.8529,0.8548,0.8264,0.8574,0.8876,0.871
Rec,V,0.6905,0.7058,0.7769,0.7222,0.7378,0.7222,0.7455,0.7538,0.7302,0.7935,0.7058,0.7302,0.7462,0.8012,0.7535
Spe, ,0.9645,0.9556,0.9378,0.96,0.9556,0.9422,0.9556,0.9244,0.9244,0.92,0.9289,0.9111,0.9244,0.9422,0.9334
,Dataset,MSE,BCE,WBCE,Pure_Fbeta,Any_Fbeta,WBCEFL,SPLFL,Pure_Gmean,Any_Gmean,WBCEGL,SPLGL,Pure_BAccu,Any_BAccu,WBCEBL,SPLBL
Acc,D,0.9972,0.9972,0.9972,0.9972,0.9944,0.9972,1,0.9972,0.9972,0.9972,0.9972,0.9972,1,0.9972,1
F1,S,0.9953,0.9956,0.9956,0.9956,0.9909,0.9956,1,0.9956,0.9956,0.9956,0.9956,0.9956,1,0.9956,1
Gmean,12,0.9954,0.998,0.998,0.998,0.9934,0.998,1,0.998,0.998,0.998,0.998,0.998,1,0.998,1
B_Acc,C,0.9955,0.998,0.998,0.998,0.9935,0.998,1,0.998,0.998,0.998,0.998,0.998,1,0.998,1
Pre,S,1,0.9913,0.9913,0.9913,0.9913,0.9913,1,0.9913,0.9913,0.9913,0.9913,0.9913,1,0.9913,1
Rec,V,0.9909,1,1,1,0.9909,1,1,1,1,1,1,1,1,1,1
Spe, ,1,0.996,0.996,0.996,0.996,0.996,1,0.996,0.996,0.996,0.996,0.996,1,0.996,1
,Dataset,MSE,BCE,WBCE,Pure_Fbeta,Any_Fbeta,WBCEFL,SPLFL,Pure_Gmean,Any_Gmean,WBCEGL,SPLGL,Pure_BAccu,Any_BAccu,WBCEBL,SPLBL
Acc,D,0.8014,0.7988,0.6172,0.6173,0.6061,0.6309,0.4415,0.6555,0.6501,0.6364,0.6307,0.6474,0.6422,0.6227,0.653
F1,S,0.3718,0.3526,0.4093,0.4067,0.418,0.4146,0.4014,0.4026,0.4274,0.4227,0.4031,0.4365,0.4242,0.428,0.4346
Gmean,13,0.4881,0.4753,0.5963,0.5937,0.6031,0.6018,0.3554,0.5884,0.6144,0.6097,0.5923,0.6209,0.6046,0.6131,0.6205
B_Acc,C,0.6172,0.6073,0.6032,0.5991,0.6082,0.608,0.5621,0.6037,0.6205,0.6157,0.5997,0.627,0.6154,0.6189,0.6265
Pre,S,0.725,0.6983,0.3206,0.3207,0.3199,0.3302,0.2803,0.3381,0.3454,0.3364,0.3227,0.3511,0.3533,0.332,0.3514
Rec,V,0.2706,0.2471,0.5765,0.5647,0.6118,0.5647,0.7882,0.5059,0.5647,0.5765,0.5412,0.5882,0.5647,0.6118,0.5765
Spe, ,0.9638,0.9675,0.6299,0.6336,0.6046,0.6513,0.336,0.7015,0.6764,0.6549,0.6583,0.6658,0.6662,0.6261,0.6765
,Dataset,MSE,BCE,WBCE,Pure_Fbeta,Any_Fbeta,WBCEFL,SPLFL,Pure_Gmean,Any_Gmean,WBCEGL,SPLGL,Pure_BAccu,Any_BAccu,WBCEBL,SPLBL
Acc,D,0.9151,0.9151,0.5534,0.263,0.537,0.5698,0.08494,0.5726,0.5698,0.5342,0.5698,0.6,0.6082,0.5561,0.5562
F1,S,0,0,0.1451,0.155,0.1861,0.1527,0.1565,0.1423,0.1621,0.1117,0.1765,0.1439,0.1544,0.1557,0.1529
Gmean,14,0,0,0.49,0.2059,0.533,0.5033,0,0.4839,0.5175,0.3911,0.5546,0.441,0.4967,0.5153,0.1866
B_Acc,C,0.5,0.5,0.5052,0.506,0.5545,0.527,0.5,0.5005,0.5295,0.4516,0.5597,0.5257,0.5223,0.5219,0.5321
Pre,S,0,0,0.08664,0.08684,0.1187,0.09118,0.08494,0.086,0.09806,0.0664,0.1054,0.08624,0.09536,0.09298,0.1636
Rec,V,0,0,0.4476,0.8,0.5762,0.4762,1,0.4143,0.4809,0.3524,0.5476,0.4381,0.4191,0.4809,0.5
Spe, ,1,1,0.5629,0.2119,0.5328,0.5777,0,0.5868,0.5781,0.5508,0.5718,0.6134,0.6256,0.5628,0.5642
,Dataset,MSE,BCE,WBCE,Pure_Fbeta,Any_Fbeta,WBCEFL,SPLFL,Pure_Gmean,Any_Gmean,WBCEGL,SPLGL,Pure_BAccu,Any_BAccu,WBCEBL,SPLBL
Acc,D,0.8661,0.874,0.8845,0.8687,0.8713,0.8687,0.8687,0.8871,0.8556,0.8845,0.8766,0.8818,0.8924,0.8767,0.8872
F1,S,0.2044,0.2736,0.5663,0.2272,0.2771,0.2272,0.2272,0.3976,0.4507,0.4729,0.3346,0.3707,0.5267,0.4817,0.4326
Gmean,15,0.3016,0.3593,0.6946,0.3199,0.3637,0.3199,0.3199,0.4632,0.5969,0.5817,0.4222,0.4524,0.6237,0.6146,0.5333
B_Acc,C,0.5606,0.5856,0.7456,0.569,0.5916,0.569,0.569,0.6356,0.6659,0.6695,0.6226,0.6385,0.6959,0.6987,0.6499
Pre,S,0.8,0.8,0.7346,0.8,0.6667,0.8,0.8,0.75,0.6047,0.8533,0.7273,0.7055,0.8143,0.7524,0.9333
Rec,V,0.1212,0.1712,0.547,0.1379,0.1894,0.1379,0.1379,0.2742,0.3939,0.3606,0.2576,0.2894,0.4136,0.4439,0.3091
Spe, ,1,1,0.9441,1,0.9938,1,1,0.9969,0.9378,0.9783,0.9877,0.9876,0.9782,0.9536,0.9908
,Dataset,MSE,BCE,WBCE,Pure_Fbeta,Any_Fbeta,WBCEFL,SPLFL,Pure_Gmean,Any_Gmean,WBCEGL,SPLGL,Pure_BAccu,Any_BAccu,WBCEBL,SPLBL
Acc,D,0.9006,0.8956,0.893,0.8879,0.8853,0.8878,0.8905,0.8853,0.8828,0.8904,0.8777,0.8854,0.8752,0.8879,0.8853
F1,S,0.8749,0.872,0.8719,0.8654,0.8627,0.8667,0.8687,0.8633,0.8597,0.871,0.8584,0.8672,0.8547,0.8653,0.8648
Gmean,16,0.906,0.9042,0.9054,0.8988,0.8965,0.9005,0.9008,0.8978,0.8926,0.905,0.8938,0.8997,0.8876,0.899,0.8996
B_Acc,C,0.9069,0.9055,0.9076,0.9007,0.8985,0.9033,0.9027,0.9001,0.8951,0.9081,0.8979,0.9041,0.8918,0.9008,0.9027
Pre,S,0.8257,0.8104,0.7951,0.7944,0.7904,0.7881,0.8004,0.7859,0.7918,0.7852,0.7653,0.7811,0.7753,0.7941,0.7794
Rec,V,0.9322,0.9457,0.9662,0.9524,0.9522,0.9657,0.9524,0.9593,0.9453,0.9795,0.9795,0.9795,0.9591,0.9526,0.9726
Spe, ,0.8817,0.8653,0.849,0.849,0.8449,0.8408,0.8531,0.8408,0.8449,0.8367,0.8163,0.8286,0.8245,0.849,0.8326
,Dataset,MSE,BCE,WBCE,Pure_Fbeta,Any_Fbeta,WBCEFL,SPLFL,Pure_Gmean,Any_Gmean,WBCEGL,SPLGL,Pure_BAccu,Any_BAccu,WBCEBL,SPLBL
Acc,D,0.8125,0.8075,0.7325,0.52,0.6425,0.6275,0.5525,0.6625,0.7575,0.7225,0.69,0.625,0.7225,0.715,0.69
F1,S,0.4537,0.3529,0.5189,0.4378,0.4787,0.4545,0.4356,0.4575,0.5452,0.4987,0.4867,0.4611,0.5346,0.5013,0.5111
Gmean,17,0.5731,0.4443,0.6895,0.5443,0.6553,0.633,0.61,0.6451,0.7089,0.679,0.671,0.6387,0.6939,0.6835,0.6756
B_Acc,C,0.6504,0.6156,0.6934,0.6272,0.6747,0.6454,0.6324,0.6522,0.7174,0.683,0.6738,0.6516,0.7106,0.686,0.6896
Pre,S,0.6841,0.5778,0.4507,0.3036,0.371,0.3518,0.3036,0.3623,0.4848,0.4219,0.3955,0.3548,0.467,0.4163,0.4404
Rec,V,0.3556,0.2667,0.6222,0.8222,0.7333,0.6778,0.7778,0.6333,0.6445,0.6111,0.6445,0.7,0.6889,0.6333,0.6889
Spe, ,0.9452,0.9645,0.7645,0.4323,0.6161,0.6129,0.4871,0.671,0.7903,0.7548,0.7032,0.6032,0.7323,0.7387,0.6903
,Dataset,MSE,BCE,WBCE,Pure_Fbeta,Any_Fbeta,WBCEFL,SPLFL,Pure_Gmean,Any_Gmean,WBCEGL,SPLGL,Pure_BAccu,Any_BAccu,WBCEBL,SPLBL
Acc,D,0.9256,0.9181,0.7917,0.881,0.891,0.8686,0.8835,0.7694,0.8064,0.7744,0.7892,0.7568,0.8092,0.7718,0.7843
F1,S,0.05714,0,0.3383,0.4171,0.4377,0.3994,0.4293,0.2949,0.3617,0.32,0.313,0.2856,0.3445,0.2791,0.3407
Gmean,18,0.08164,0,0.7184,0.6809,0.6853,0.6674,0.7023,0.6864,0.7365,0.7097,0.697,0.653,0.6897,0.649,0.7101
B_Acc,C,0.5167,0.4973,0.7259,0.7129,0.7183,0.7062,0.7295,0.6984,0.7491,0.7164,0.7091,0.6764,0.7047,0.6691,0.7219
Pre,S,0.2,0,0.2374,0.3723,0.3985,0.3338,0.36,0.1965,0.2521,0.2188,0.2108,0.2005,0.2546,0.191,0.2431
Rec,V,0.03334,0,0.6476,0.5143,0.5143,0.5143,0.5476,0.6143,0.6809,0.6476,0.6143,0.581,0.581,0.5476,0.6476
Spe, ,1,0.9946,0.8041,0.9115,0.9223,0.898,0.9114,0.7825,0.8173,0.7853,0.8039,0.7718,0.8285,0.7906,0.7962
,Dataset,MSE,BCE,WBCE,Pure_Fbeta,Any_Fbeta,WBCEFL,SPLFL,Pure_Gmean,Any_Gmean,WBCEGL,SPLGL,Pure_BAccu,Any_BAccu,WBCEBL,SPLBL
Acc,D,0.8778,0.8778,0.6178,0.1222,0.2178,0.38,0.1222,0.5956,0.5622,0.6045,0.5689,0.6467,0.66,0.6156,0.3889
F1,S,0,0,0.2436,0.2178,0.233,0.2062,0.2178,0.2265,0.2198,0.2353,0.2284,0.195,0.2174,0.2359,0.1565
Gmean,19,0,0,0.5576,0,0.2391,0.421,0,0.5383,0.5289,0.5487,0.5424,0.4784,0.5055,0.5487,0.07494
B_Acc,C,0.5,0.5,0.571,0.5,0.5388,0.5138,0.5,0.5505,0.5394,0.5634,0.551,0.5249,0.5481,0.5619,0.4954
Pre,S,0,0,0.1615,0.1222,0.1328,0.123,0.1222,0.1483,0.1412,0.1547,0.1462,0.1382,0.1562,0.1565,0.09332
Rec,V,0,0,0.5091,1,0.9636,0.6909,1,0.4909,0.5091,0.5091,0.5273,0.3636,0.4,0.4909,0.6364
Spe, ,1,1,0.6329,0,0.1139,0.3367,0,0.6101,0.5696,0.6177,0.5747,0.6861,0.6962,0.6329,0.3544
,Dataset,MSE,BCE,WBCE,Pure_Fbeta,Any_Fbeta,WBCEFL,SPLFL,Pure_Gmean,Any_Gmean,WBCEGL,SPLGL,Pure_BAccu,Any_BAccu,WBCEBL,SPLBL
Acc,D,0.904,0.9127,0.7557,0.8995,0.8821,0.8734,0.8822,0.7665,0.7883,0.7535,0.7665,0.7339,0.736,0.7686,0.7687
F1,S,0.1111,0.1367,0.3426,0.4462,0.4045,0.4275,0.4735,0.3479,0.3906,0.3229,0.3407,0.3201,0.3279,0.3361,0.3247
Gmean,20,0.1644,0.1855,0.7038,0.6295,0.614,0.6761,0.7089,0.7096,0.7419,0.6809,0.7035,0.6913,0.7036,0.6928,0.6699
B_Acc,C,0.5299,0.5446,0.7081,0.6844,0.6748,0.711,0.7356,0.7142,0.746,0.6871,0.7127,0.6961,0.7072,0.7055,0.6842
Pre,S,0.3333,0.35,0.235,0.4968,0.42,0.3699,0.4185,0.2387,0.275,0.2213,0.232,0.214,0.2179,0.2298,0.2277
Rec,V,0.06944,0.09166,0.65,0.4194,0.4194,0.5111,0.5556,0.65,0.6945,0.6056,0.6472,0.65,0.6722,0.6278,0.5806
Spe, ,0.9904,0.9976,0.7663,0.9494,0.9301,0.9109,0.9157,0.7783,0.7976,0.7687,0.7783,0.7422,0.7422,0.7831,0.7879
,Dataset,MSE,BCE,WBCE,Pure_Fbeta,Any_Fbeta,WBCEFL,SPLFL,Pure_Gmean,Any_Gmean,WBCEGL,SPLGL,Pure_BAccu,Any_BAccu,WBCEBL,SPLBL
Acc,D,0.7144,0.7231,0.6884,0.6559,0.6645,0.6646,0.6797,0.682,0.6883,0.6861,0.6732,0.6689,0.6797,0.6883,0.6732
F1,S,0.5324,0.5591,0.6161,0.6029,0.6071,0.6127,0.6279,0.6078,0.604,0.6155,0.5939,0.5932,0.5941,0.612,0.6072
Gmean,21,0.6296,0.6513,0.6936,0.6733,0.6778,0.6822,0.6979,0.6858,0.6866,0.6922,0.6747,0.672,0.6759,0.6907,0.6828
B_Acc,C,0.658,0.6764,0.6969,0.6795,0.686,0.689,0.7035,0.6905,0.6881,0.6952,0.678,0.6761,0.6814,0.6939,0.6867
Pre,S,0.6126,0.6175,0.539,0.5028,0.5117,0.5113,0.5262,0.5312,0.5408,0.5379,0.5231,0.5191,0.5295,0.5403,0.5218
Rec,V,0.475,0.525,0.725,0.7563,0.7562,0.7688,0.7813,0.7188,0.6875,0.725,0.6937,0.7,0.6875,0.7125,0.7313
Spe, ,0.8411,0.8278,0.6688,0.6027,0.6157,0.6092,0.6258,0.6622,0.6887,0.6654,0.6623,0.6522,0.6752,0.6754,0.6422
,Dataset,MSE,BCE,WBCE,Pure_Fbeta,Any_Fbeta,WBCEFL,SPLFL,Pure_Gmean,Any_Gmean,WBCEGL,SPLGL,Pure_BAccu,Any_BAccu,WBCEBL,SPLBL
Acc,D,0.8468,0.8511,0.5894,0.6255,0.6681,0.6,0.5936,0.6149,0.6107,0.6106,0.6149,0.5872,0.5894,0.6255,0.5809
F1,S,0.02352,0,0.3155,0.2926,0.2944,0.282,0.3214,0.2897,0.2894,0.2788,0.2915,0.3096,0.3167,0.3229,0.3053
Gmean,22,0.05278,0,0.6036,0.571,0.5625,0.5635,0.6108,0.5673,0.5705,0.56,0.5673,0.592,0.5956,0.6069,0.5905
B_Acc,C,0.5034,0.5,0.6055,0.5796,0.5811,0.5705,0.6198,0.5734,0.5768,0.565,0.5793,0.5984,0.6055,0.6091,0.5946
Pre,S,0.06666,0,0.2114,0.2068,0.2214,0.1935,0.2137,0.2031,0.2015,0.1943,0.2051,0.2098,0.2158,0.2247,0.2045
Rec,V,0.01428,0,0.6286,0.5143,0.4571,0.5286,0.6572,0.5143,0.5286,0.5,0.5286,0.6143,0.6286,0.5857,0.6143
Spe, ,0.9925,1,0.5825,0.645,0.705,0.6125,0.5825,0.6325,0.625,0.63,0.63,0.5825,0.5825,0.6325,0.575
,Dataset,MSE,BCE,WBCE,Pure_Fbeta,Any_Fbeta,WBCEFL,SPLFL,Pure_Gmean,Any_Gmean,WBCEGL,SPLGL,Pure_BAccu,Any_BAccu,WBCEBL,SPLBL
Acc,D,0.8653,0.8653,0.6442,0.1852,0.2779,0.5768,0.1347,0.6337,0.6021,0.6379,0.6611,0.7284,0.7495,0.6421,0.6063
F1,S,0,0,0.2667,0.2362,0.2701,0.2731,0.2374,0.2776,0.2918,0.2708,0.2948,0.3439,0.317,0.2669,0.2361
Gmean,24,0,0,0.5638,0.1496,0.3612,0.5608,0,0.5799,0.5897,0.5684,0.5937,0.6174,0.5778,0.5637,0.3388
B_Acc,C,0.5,0.5,0.5761,0.5026,0.5756,0.5767,0.5,0.5895,0.5978,0.579,0.6054,0.6377,0.6119,0.575,0.5605
Pre,S,0,0,0.1856,0.1352,0.1567,0.1834,0.1347,0.1893,0.1959,0.1879,0.2068,0.269,0.2607,0.1862,0.1792
Rec,V,0,0,0.4833,0.9372,0.9833,0.5769,1,0.5295,0.5923,0.4987,0.5295,0.5141,0.4231,0.4834,0.4987
Spe, ,1,1,0.6689,0.06796,0.1678,0.5764,0,0.6494,0.6032,0.6593,0.6813,0.7613,0.8008,0.6666,0.6223
,Dataset,MSE,BCE,WBCE,Pure_Fbeta,Any_Fbeta,WBCEFL,SPLFL,Pure_Gmean,Any_Gmean,WBCEGL,SPLGL,Pure_BAccu,Any_BAccu,WBCEBL,SPLBL
Acc,D,0.8716,0.8716,0.6505,0.3242,0.461,0.6337,0.2442,0.6632,0.6147,0.64,0.6547,0.72,0.6,0.6863,0.56
F1,S,0,0,0.2689,0.2354,0.2763,0.2634,0.218,0.2737,0.2253,0.2612,0.2793,0.3119,0.3153,0.2918,0.2751
Gmean,25,0,0,0.5723,0.2117,0.54,0.5619,0.08782,0.5801,0.5013,0.5672,0.5853,0.6072,0.5917,0.5927,0.461
B_Acc,C,0.5,0.5,0.5888,0.5336,0.6072,0.5864,0.5021,0.5962,0.5402,0.5828,0.5985,0.6288,0.6226,0.6095,0.5872
Pre,S,0,0,0.1846,0.1452,0.1708,0.1809,0.1304,0.188,0.1536,0.1767,0.1911,0.2267,0.2206,0.2059,0.1905
Rec,V,0,0,0.5064,0.8167,0.8039,0.5231,0.85,0.5064,0.441,0.5064,0.5231,0.5064,0.6538,0.5064,0.6231
Spe, ,1,1,0.6712,0.2506,0.4106,0.6498,0.1542,0.686,0.6394,0.6592,0.674,0.7512,0.5914,0.7126,0.5513
,Dataset,MSE,BCE,WBCE,Pure_Fbeta,Any_Fbeta,WBCEFL,SPLFL,Pure_Gmean,Any_Gmean,WBCEGL,SPLGL,Pure_BAccu,Any_BAccu,WBCEBL,SPLBL
Acc,D,0.718,0.704,0.668,0.592,0.66,0.69,0.592,0.74,0.742,0.718,0.758,0.746,0.748,0.69,0.752
F1,S,0.6239,0.575,0.6041,0.6187,0.6493,0.6552,0.6183,0.6962,0.6948,0.6724,0.713,0.7003,0.6999,0.6282,0.7061
Gmean,26,0.6869,0.6487,0.6623,0.5198,0.6735,0.6954,0.5994,0.7413,0.7414,0.7202,0.7583,0.7464,0.7472,0.6847,0.7523
B_Acc,C,0.6997,0.6726,0.6654,0.6334,0.6856,0.7003,0.6369,0.7427,0.7424,0.7216,0.7593,0.7476,0.7483,0.6878,0.7534
Pre,S,0.6555,0.6587,0.5663,0.5043,0.5449,0.5864,0.4877,0.649,0.654,0.6184,0.6699,0.6556,0.6588,0.5892,0.6615
Rec,V,0.613,0.5259,0.6532,0.8308,0.8056,0.7495,0.8464,0.7549,0.7446,0.7394,0.7651,0.7549,0.7496,0.6779,0.76
Spe, ,0.7865,0.8193,0.6775,0.4361,0.5657,0.6511,0.4274,0.7305,0.7402,0.7039,0.7535,0.7403,0.7469,0.6976,0.7469
,Dataset,MSE,BCE,WBCE,Pure_Fbeta,Any_Fbeta,WBCEFL,SPLFL,Pure_Gmean,Any_Gmean,WBCEGL,SPLGL,Pure_BAccu,Any_BAccu,WBCEBL,SPLBL
Acc,D,0.99,0.992,0.946,0.994,0.988,0.978,0.986,0.964,0.978,0.95,0.964,0.962,0.954,0.956,0.958
F1,S,0.9693,0.975,0.8595,0.981,0.9608,0.9377,0.9576,0.9005,0.937,0.8701,0.899,0.8957,0.8767,0.8841,0.886
Gmean,27,0.9837,0.985,0.9672,0.9861,0.9716,0.9765,0.9814,0.9732,0.9816,0.9696,0.9733,0.9721,0.9672,0.9733,0.9696
B_Acc,C,0.9839,0.9851,0.9678,0.9863,0.9726,0.9768,0.9815,0.9735,0.9818,0.9702,0.9735,0.9723,0.9675,0.9738,0.9699
Pre,S,0.9653,0.975,0.7578,0.9875,0.974,0.9094,0.9418,0.8318,0.8968,0.7761,0.8269,0.8239,0.7926,0.7977,0.8079
Rec,V,0.975,0.975,1,0.975,0.95,0.975,0.975,0.9875,0.9875,1,0.9875,0.9875,0.9875,1,0.9875
Spe, ,0.9929,0.9952,0.9357,0.9976,0.9952,0.9786,0.9881,0.9595,0.9762,0.9405,0.9595,0.9572,0.9476,0.9476,0.9524
,Dataset,MSE,BCE,WBCE,Pure_Fbeta,Any_Fbeta,WBCEFL,SPLFL,Pure_Gmean,Any_Gmean,WBCEGL,SPLGL,Pure_BAccu,Any_BAccu,WBCEBL,SPLBL
Acc,D,0.9068,0.9068,0.6865,0.8015,0.8333,0.7797,0.8133,0.7102,0.6944,0.7063,0.7083,0.7004,0.7103,0.6825,0.6845
F1,S,0,0,0.2677,0.3194,0.3615,0.3119,0.3317,0.2853,0.2884,0.3026,0.2912,0.2985,0.3005,0.2857,0.2762
Gmean,28,0,0,0.6501,0.6344,0.6602,0.651,0.6403,0.6629,0.6737,0.6882,0.6707,0.6847,0.6825,0.6752,0.6571
B_Acc,C,0.5,0.5,0.6534,0.6612,0.6877,0.6682,0.6678,0.6677,0.6767,0.6921,0.6743,0.6889,0.6855,0.6791,0.6612
Pre,S,0,0,0.1716,0.2402,0.2826,0.222,0.2564,0.1865,0.1857,0.1959,0.1899,0.1927,0.196,0.182,0.1775
Rec,V,0,0,0.6134,0.4889,0.5089,0.5311,0.4889,0.6156,0.6556,0.6756,0.6334,0.6756,0.6556,0.6756,0.6334
Spe, ,1,1,0.6935,0.8336,0.8665,0.8052,0.8467,0.7199,0.6979,0.7087,0.7154,0.7022,0.7154,0.6825,0.6891
,Dataset,MSE,BCE,WBCE,Pure_Fbeta,Any_Fbeta,WBCEFL,SPLFL,Pure_Gmean,Any_Gmean,WBCEGL,SPLGL,Pure_BAccu,Any_BAccu,WBCEBL,SPLBL
Acc,D,0.8353,0.8276,0.7912,0.822,0.8219,0.8124,0.8277,0.8008,0.7817,0.8085,0.7932,0.8009,0.7874,0.7855,0.8009
F1,S,0.5065,0.4558,0.6005,0.5864,0.5862,0.5995,0.6082,0.6122,0.5825,0.6213,0.5946,0.6004,0.6058,0.5876,0.6039
Gmean,29,0.6314,0.5803,0.7802,0.7397,0.739,0.7622,0.7605,0.7882,0.7652,0.7907,0.774,0.7755,0.788,0.7707,0.7782
B_Acc,C,0.6928,0.6564,0.7826,0.7575,0.7575,0.772,0.7747,0.7923,0.7699,0.7932,0.7809,0.7823,0.7906,0.7758,0.7819
Pre,S,0.6335,0.6349,0.4977,0.5482,0.5488,0.5319,0.5596,0.5105,0.4843,0.5259,0.4957,0.5071,0.4943,0.4856,0.5098
Rec,V,0.4506,0.3658,0.7675,0.6476,0.6476,0.703,0.6844,0.7775,0.7494,0.7671,0.7593,0.7502,0.7957,0.7589,0.7494
Spe, ,0.9349,0.947,0.7976,0.8675,0.8675,0.8409,0.8651,0.8072,0.7904,0.8193,0.8024,0.8145,0.7855,0.7928,0.8145
,Dataset,MSE,BCE,WBCE,Pure_Fbeta,Any_Fbeta,WBCEFL,SPLFL,Pure_Gmean,Any_Gmean,WBCEGL,SPLGL,Pure_BAccu,Any_BAccu,WBCEBL,SPLBL
Acc,D,0.9322,0.9246,0.8983,0.9172,0.9153,0.9172,0.9134,0.8645,0.8928,0.9078,0.8795,0.8871,0.8927,0.872,0.8795
F1,S,0.4834,0.3988,0.6601,0.6436,0.6664,0.6692,0.587,0.6086,0.6743,0.669,0.6204,0.6488,0.6556,0.6213,0.6212
Gmean,30,0.5758,0.4823,0.9103,0.8339,0.8638,0.8617,0.7661,0.9211,0.9379,0.8931,0.9076,0.9272,0.9221,0.9101,0.9074
B_Acc,C,0.6888,0.6685,0.9111,0.8573,0.8723,0.8734,0.799,0.9244,0.9402,0.9004,0.9087,0.929,0.9241,0.9125,0.9087
Pre,S,0.9418,0.725,0.5167,0.6172,0.6027,0.6209,0.599,0.4392,0.5186,0.5611,0.4629,0.4883,0.5021,0.4665,0.4648
Rec,V,0.3818,0.3455,0.9273,0.7818,0.8182,0.8182,0.6545,1,1,0.8909,0.9455,0.9818,0.9636,0.9636,0.9455
Spe, ,0.9958,0.9916,0.895,0.9328,0.9264,0.9286,0.9434,0.8488,0.8804,0.9098,0.8719,0.8761,0.8845,0.8614,0.8719
,Dataset,MSE,BCE,WBCE,Pure_Fbeta,Any_Fbeta,WBCEFL,SPLFL,Pure_Gmean,Any_Gmean,WBCEGL,SPLGL,Pure_BAccu,Any_BAccu,WBCEBL,SPLBL
Acc,D,0.9018,0.913,0.8019,0.8796,0.8833,0.863,0.8741,0.7852,0.8093,0.7833,0.7908,0.787,0.7926,0.7926,0.7796
F1,S,0.149,0.03334,0.3885,0.4474,0.4549,0.4561,0.4385,0.3809,0.3976,0.3764,0.3891,0.3867,0.3843,0.3991,0.3764
Gmean,31,0.2896,0.06598,0.7711,0.7115,0.7027,0.7581,0.7198,0.7808,0.7748,0.7718,0.7845,0.7831,0.775,0.7974,0.7783
B_Acc,C,0.5434,0.5091,0.7728,0.7367,0.7287,0.768,0.7438,0.7827,0.7768,0.7728,0.7858,0.7838,0.7767,0.798,0.7797
Pre,S,0.2567,0.06666,0.2645,0.3799,0.4047,0.3608,0.358,0.2522,0.2731,0.2515,0.2599,0.2578,0.258,0.2662,0.2483
Rec,V,0.1111,0.02222,0.7378,0.5645,0.5422,0.6534,0.5867,0.78,0.7378,0.76,0.78,0.78,0.7578,0.8045,0.78
Spe, ,0.9758,0.996,0.8077,0.909,0.9151,0.8827,0.9009,0.7854,0.8158,0.7855,0.7915,0.7875,0.7956,0.7915,0.7794
,Dataset,MSE,BCE,WBCE,Pure_Fbeta,Any_Fbeta,WBCEFL,SPLFL,Pure_Gmean,Any_Gmean,WBCEGL,SPLGL,Pure_BAccu,Any_BAccu,WBCEBL,SPLBL
Acc,D,0.8658,0.8569,0.6296,0.6512,0.653,0.6475,0.5565,0.6476,0.6476,0.6476,0.6476,0.6136,0.6297,0.6386,0.61
F1,S,0.1545,0,0.3895,0.4013,0.3972,0.3988,0.3763,0.4028,0.3951,0.4012,0.4015,0.3827,0.4007,0.4064,0.3879
Gmean,32,0.2618,0,0.6991,0.7104,0.7047,0.708,0.5738,0.7125,0.7038,0.7116,0.7123,0.6923,0.7122,0.7176,0.6989
B_Acc,C,0.5416,0.5,0.711,0.7184,0.7142,0.7163,0.6788,0.7215,0.7111,0.7215,0.7215,0.7068,0.7266,0.7318,0.7152
Pre,S,0.7333,0,0.2554,0.2669,0.265,0.2647,0.2465,0.2668,0.2627,0.2655,0.2656,0.2483,0.2613,0.2664,0.2503
Rec,V,0.0875,0,0.825,0.8125,0.8,0.8125,0.85,0.825,0.8,0.825,0.825,0.8375,0.8625,0.8625,0.8625
Spe, ,0.9958,1,0.597,0.6242,0.6284,0.62,0.5076,0.618,0.6222,0.618,0.618,0.5762,0.5908,0.6012,0.5679
,Dataset,MSE,BCE,WBCE,Pure_Fbeta,Any_Fbeta,WBCEFL,SPLFL,Pure_Gmean,Any_Gmean,WBCEGL,SPLGL,Pure_BAccu,Any_BAccu,WBCEBL,SPLBL
Acc,D,0.9235,0.9324,0.8629,0.9075,0.9181,0.9235,0.9217,0.8488,0.863,0.8665,0.847,0.847,0.8629,0.8612,0.8451
F1,S,0.7465,0.7864,0.6818,0.715,0.7336,0.7632,0.7447,0.6471,0.6758,0.6827,0.6562,0.6611,0.6759,0.6841,0.6548
Gmean,33,0.8141,0.8567,0.8761,0.8162,0.8111,0.8503,0.8231,0.8474,0.8685,0.8703,0.8639,0.8722,0.8678,0.8809,0.8623
B_Acc,C,0.8284,0.8643,0.8794,0.8278,0.8255,0.859,0.8366,0.8487,0.8704,0.8729,0.8651,0.874,0.8701,0.8823,0.8643
Pre,S,0.8397,0.8313,0.5541,0.7445,0.8152,0.7722,0.8128,0.5242,0.5503,0.5639,0.5191,0.5195,0.5526,0.5489,0.5212
Rec,V,0.6865,0.7626,0.9035,0.7088,0.6871,0.7626,0.7093,0.8485,0.8813,0.8819,0.8918,0.914,0.8807,0.9135,0.8924
Spe, ,0.9702,0.9659,0.8553,0.9468,0.9638,0.9553,0.9638,0.8489,0.8596,0.8638,0.8383,0.834,0.8596,0.851,0.8362
,Dataset,MSE,BCE,WBCE,Pure_Fbeta,Any_Fbeta,WBCEFL,SPLFL,Pure_Gmean,Any_Gmean,WBCEGL,SPLGL,Pure_BAccu,Any_BAccu,WBCEBL,SPLBL
Acc,D,0.9684,0.9701,0.9684,0.9737,0.9719,0.9737,0.9666,0.9701,0.9684,0.9684,0.9701,0.9736,0.9719,0.9684,0.9719
F1,S,0.9561,0.9585,0.9565,0.9629,0.9606,0.9635,0.9536,0.9591,0.9568,0.9572,0.9592,0.9637,0.9618,0.9564,0.9616
Gmean,34,0.9617,0.9631,0.9628,0.9649,0.9625,0.967,0.9584,0.9653,0.9638,0.9651,0.9653,0.9681,0.9678,0.9618,0.9668
B_Acc,C,0.9624,0.9639,0.9634,0.9657,0.9633,0.9675,0.9591,0.9657,0.9644,0.9653,0.9658,0.9686,0.9681,0.9624,0.9671
Pre,S,0.9759,0.9806,0.9715,0.9946,0.9947,0.9853,0.9802,0.971,0.9672,0.9621,0.9717,0.9807,0.9716,0.9758,0.9759
Rec,V,0.9387,0.9389,0.9436,0.9341,0.9295,0.9434,0.9295,0.9482,0.9483,0.9531,0.9483,0.9483,0.953,0.9389,0.9483
Spe, ,0.986,0.9888,0.9832,0.9972,0.9972,0.9916,0.9888,0.9832,0.9804,0.9776,0.9832,0.9888,0.9832,0.986,0.986
,Dataset,MSE,BCE,WBCE,Pure_Fbeta,Any_Fbeta,WBCEFL,SPLFL,Pure_Gmean,Any_Gmean,WBCEGL,SPLGL,Pure_BAccu,Any_BAccu,WBCEBL,SPLBL
Acc,D,0.7205,0.7256,0.6312,0.6294,0.6484,0.6311,0.626,0.6569,0.6552,0.6362,0.6569,0.6398,0.6397,0.6363,0.6414
F1,S,0.1388,0.1518,0.5646,0.5853,0.5943,0.5835,0.5848,0.5798,0.5764,0.5707,0.5856,0.5853,0.5858,0.5752,0.5971
Gmean,35,0.2481,0.2539,0.6756,0.6847,0.7009,0.685,0.682,0.6962,0.6926,0.6797,0.6994,0.6918,0.6909,0.6835,0.6972
B_Acc,C,0.5297,0.5367,0.6914,0.7134,0.7231,0.7112,0.7129,0.7075,0.7046,0.6967,0.7132,0.7135,0.7134,0.7021,0.7255
Pre,S,0.5229,0.4897,0.4279,0.4319,0.4444,0.4327,0.43,0.4475,0.4459,0.4341,0.4493,0.4373,0.4382,0.4341,0.4421
Rec,V,0.0836,0.09518,0.8324,0.9102,0.8982,0.8984,0.9162,0.8262,0.8203,0.8383,0.8447,0.8861,0.8861,0.8563,0.9223
Spe, ,0.9759,0.9783,0.5504,0.5166,0.548,0.524,0.5095,0.5888,0.5888,0.5551,0.5816,0.5408,0.5407,0.5479,0.5287
,Dataset,MSE,BCE,WBCE,Pure_Fbeta,Any_Fbeta,WBCEFL,SPLFL,Pure_Gmean,Any_Gmean,WBCEGL,SPLGL,Pure_BAccu,Any_BAccu,WBCEBL,SPLBL
Acc,D,0.8836,0.8768,0.8701,0.8819,0.8802,0.8802,0.8701,0.8549,0.8785,0.8751,0.8701,0.8667,0.8701,0.8684,0.8718
F1,S,0.8212,0.8074,0.8083,0.823,0.8158,0.8218,0.802,0.7947,0.8238,0.8187,0.8123,0.8065,0.8094,0.8091,0.8165
Gmean,36,0.8715,0.8585,0.8675,0.8763,0.8674,0.8767,0.8585,0.8619,0.881,0.8771,0.8734,0.8669,0.8688,0.8695,0.8774
B_Acc,C,0.8723,0.8602,0.8681,0.8766,0.8685,0.8768,0.8595,0.8624,0.8811,0.8773,0.8736,0.867,0.8693,0.8696,0.8777
Pre,S,0.8025,0.8015,0.762,0.7879,0.7975,0.7806,0.7762,0.7227,0.7682,0.7637,0.7519,0.7537,0.7599,0.7544,0.7514
Rec,V,0.8411,0.8147,0.8625,0.8622,0.836,0.8676,0.8304,0.8834,0.8886,0.8833,0.8834,0.8677,0.8674,0.8728,0.894
Spe, ,0.9034,0.9059,0.8737,0.891,0.9009,0.8861,0.8886,0.8416,0.8737,0.8712,0.8638,0.8662,0.8711,0.8663,0.8613
,Dataset,MSE,BCE,WBCE,Pure_Fbeta,Any_Fbeta,WBCEFL,SPLFL,Pure_Gmean,Any_Gmean,WBCEGL,SPLGL,Pure_BAccu,Any_BAccu,WBCEBL,SPLBL
Acc,D,1,1,1,1,1,1,1,1,1,1,0.9983,1,0.9983,1,0.9983
F1,S,1,1,1,1,1,1,1,1,1,1,0.9951,1,0.9951,1,0.9951
Gmean,37,1,1,1,1,1,1,1,1,1,1,0.999,1,0.999,1,0.999
B_Acc,C,1,1,1,1,1,1,1,1,1,1,0.999,1,0.999,1,0.999
Pre,S,1,1,1,1,1,1,1,1,1,1,0.9905,1,0.9905,1,0.9905
Rec,V,1,1,1,1,1,1,1,1,1,1,1,1,1,1,1
Spe, ,1,1,1,1,1,1,1,1,1,1,0.998,1,0.998,1,0.998
,Dataset,MSE,BCE,WBCE,Pure_Fbeta,Any_Fbeta,WBCEFL,SPLFL,Pure_Gmean,Any_Gmean,WBCEGL,SPLGL,Pure_BAccu,Any_BAccu,WBCEBL,SPLBL
Acc,D,0.8982,0.895,0.8851,0.8769,0.8917,0.8917,0.8901,0.8884,0.8819,0.8868,0.8835,0.8851,0.8818,0.8884,0.8851
F1,S,0.8562,0.8534,0.8537,0.8406,0.8579,0.8593,0.8596,0.86,0.8513,0.8544,0.8517,0.8543,0.8508,0.8563,0.8562
Gmean,38,0.8794,0.8807,0.8902,0.8782,0.8906,0.8926,0.894,0.896,0.8884,0.8894,0.8877,0.8896,0.8882,0.8908,0.8935
B_Acc,C,0.8818,0.8823,0.8905,0.8784,0.891,0.8928,0.8944,0.8968,0.8888,0.8898,0.8882,0.8903,0.8888,0.8911,0.8943
Pre,S,0.898,0.8741,0.8041,0.8021,0.8316,0.8261,0.8154,0.8022,0.7966,0.8135,0.805,0.8074,0.796,0.8169,0.795
Rec,V,0.8206,0.8346,0.9105,0.8836,0.8881,0.897,0.9106,0.9284,0.915,0.9013,0.9059,0.9102,0.9149,0.9014,0.9285
Spe, ,0.943,0.9301,0.8705,0.8731,0.8939,0.8887,0.8783,0.8653,0.8627,0.8783,0.8704,0.8704,0.8627,0.8809,0.8601
,Dataset,MSE,BCE,WBCE,Pure_Fbeta,Any_Fbeta,WBCEFL,SPLFL,Pure_Gmean,Any_Gmean,WBCEGL,SPLGL,Pure_BAccu,Any_BAccu,WBCEBL,SPLBL
Acc,D,0.7379,0.7333,0.7301,0.7442,0.7457,0.7379,0.7442,0.7473,0.7473,0.7286,0.7504,0.7364,0.7473,0.7317,0.7426
F1,S,0.6162,0.6071,0.6746,0.692,0.6927,0.6864,0.6971,0.689,0.6927,0.6728,0.6952,0.6844,0.7024,0.6748,0.7001
Gmean,39,0.7145,0.7083,0.7614,0.7785,0.7781,0.772,0.7809,0.7763,0.779,0.7594,0.7814,0.7699,0.7845,0.762,0.7823
B_Acc,C,0.7197,0.7126,0.771,0.7877,0.7876,0.7819,0.7931,0.7835,0.7873,0.7686,0.7898,0.7808,0.798,0.7709,0.7972
Pre,S,0.578,0.5689,0.5486,0.5602,0.5648,0.5554,0.5604,0.5672,0.5659,0.5483,0.5694,0.5538,0.5645,0.5507,0.557
Rec,V,0.6697,0.6556,0.8819,0.9063,0.9015,0.9015,0.9262,0.8818,0.8963,0.8771,0.8967,0.9016,0.9358,0.8771,0.9458
Spe, ,0.7697,0.7696,0.6601,0.6691,0.6738,0.6624,0.6601,0.6852,0.6783,0.6601,0.6829,0.6601,0.6601,0.6646,0.6487
,Dataset,MSE,BCE,WBCE,Pure_Fbeta,Any_Fbeta,WBCEFL,SPLFL,Pure_Gmean,Any_Gmean,WBCEGL,SPLGL,Pure_BAccu,Any_BAccu,WBCEBL,SPLBL
Acc,D,0.9457,0.9364,0.8775,0.9054,0.9349,0.9194,0.9271,0.8403,0.8822,0.8248,0.8357,0.8527,0.8868,0.8481,0.8636
F1,S,0.2918,0.05714,0.352,0.367,0.4133,0.4071,0.4647,0.281,0.3636,0.287,0.3019,0.3144,0.3629,0.3409,0.3214
Gmean,40,0.4027,0.09834,0.7177,0.6529,0.6093,0.6575,0.7126,0.6813,0.723,0.7016,0.7208,0.7135,0.6966,0.728,0.6902
B_Acc,C,0.6004,0.5201,0.742,0.6984,0.6889,0.7139,0.745,0.7106,0.7445,0.7158,0.735,0.7306,0.7236,0.7399,0.713
Pre,S,0.5333,0.06666,0.2531,0.3103,0.4238,0.3527,0.4118,0.1887,0.2642,0.191,0.2013,0.2144,0.2759,0.2385,0.2298
Rec,V,0.2107,0.05,0.5893,0.4643,0.4107,0.4822,0.5393,0.5643,0.5893,0.5929,0.6214,0.5929,0.5393,0.6179,0.5429
Spe, ,0.9901,0.9901,0.8947,0.9325,0.9671,0.9457,0.9506,0.8568,0.8997,0.8388,0.8486,0.8684,0.9078,0.8619,0.8831
,Dataset,MSE,BCE,WBCE,Pure_Fbeta,Any_Fbeta,WBCEFL,SPLFL,Pure_Gmean,Any_Gmean,WBCEGL,SPLGL,Pure_BAccu,Any_BAccu,WBCEBL,SPLBL
Acc,D,0.9213,0.9213,0.7731,0.8774,0.8986,0.8729,0.8775,0.767,0.7852,0.7671,0.7625,0.7731,0.7594,0.7594,0.7746
F1,S,0.03636,0,0.3713,0.3438,0.352,0.3597,0.3507,0.3267,0.3563,0.3449,0.3335,0.382,0.337,0.3336,0.3499
Gmean,41,0.06324,0,0.7923,0.5851,0.5716,0.6183,0.6154,0.7368,0.763,0.767,0.7449,0.8166,0.7597,0.7511,0.758
B_Acc,C,0.5092,0.5,0.7987,0.6515,0.6521,0.6675,0.6681,0.7413,0.7695,0.7679,0.748,0.8226,0.7638,0.7555,0.7619
Pre,S,0.2,0,0.2422,0.3215,0.362,0.3177,0.303,0.214,0.2345,0.2232,0.2179,0.2462,0.2172,0.2168,0.2331
Rec,V,0.02,0,0.8291,0.3836,0.36,0.4236,0.42,0.7109,0.7509,0.7691,0.7309,0.8818,0.7691,0.7509,0.7473
Spe, ,0.9984,1,0.7684,0.9195,0.9441,0.9113,0.9162,0.7717,0.7881,0.7668,0.7651,0.7635,0.7586,0.7602,0.7766
,Dataset,MSE,BCE,WBCE,Pure_Fbeta,Any_Fbeta,WBCEFL,SPLFL,Pure_Gmean,Any_Gmean,WBCEGL,SPLGL,Pure_BAccu,Any_BAccu,WBCEBL,SPLBL
Acc,D,0.9707,0.9692,0.9736,0.9678,0.9678,0.9678,0.9692,0.9707,0.9707,0.9722,0.9721,0.9692,0.9692,0.9707,0.9721
F1,S,0.9584,0.9564,0.9631,0.9542,0.9545,0.9542,0.9564,0.9589,0.9595,0.9613,0.9608,0.9569,0.9573,0.959,0.9611
Gmean,42,0.9687,0.9675,0.9748,0.9655,0.9664,0.9654,0.9676,0.9715,0.9735,0.9746,0.9727,0.9695,0.9714,0.9716,0.9736
B_Acc,C,0.9688,0.9677,0.9749,0.9655,0.9665,0.9655,0.9676,0.9717,0.9736,0.9747,0.9728,0.9696,0.9715,0.9717,0.9737
Pre,S,0.9549,0.9514,0.9481,0.9508,0.9476,0.9509,0.951,0.9444,0.9377,0.9413,0.9478,0.944,0.9372,0.9442,0.9443
Rec,V,0.9624,0.9624,0.9791,0.9581,0.9623,0.9581,0.9623,0.9749,0.9833,0.9833,0.9749,0.9707,0.9791,0.9749,0.979
Spe, ,0.9752,0.9729,0.9707,0.9729,0.9707,0.9729,0.9729,0.9685,0.9639,0.9662,0.9707,0.9684,0.9639,0.9684,0.9684
,Dataset,MSE,BCE,WBCE,Pure_Fbeta,Any_Fbeta,WBCEFL,SPLFL,Pure_Gmean,Any_Gmean,WBCEGL,SPLGL,Pure_BAccu,Any_BAccu,WBCEBL,SPLBL
Acc,D,0.9149,0.9135,0.7773,0.8808,0.8879,0.8794,0.8808,0.7745,0.7801,0.7674,0.7886,0.7745,0.7716,0.7631,0.7773
F1,S,0.05714,0,0.3773,0.3423,0.3248,0.4088,0.3569,0.382,0.4064,0.3928,0.3972,0.3917,0.3788,0.3883,0.3921
Gmean,43,0.08164,0,0.7769,0.5766,0.5321,0.6629,0.5877,0.7861,0.8184,0.8102,0.7941,0.8003,0.7817,0.8077,0.7987
B_Acc,C,0.5159,0.5,0.7811,0.6622,0.6365,0.7137,0.678,0.7878,0.8212,0.8135,0.7956,0.8029,0.7856,0.8112,0.8038
Pre,S,0.2,0,0.2491,0.3115,0.3368,0.3457,0.32,0.251,0.2659,0.2542,0.2645,0.2569,0.2497,0.2504,0.2577
Rec,V,0.03334,0,0.7859,0.3974,0.3321,0.5128,0.4321,0.8039,0.8705,0.8692,0.8038,0.8372,0.8026,0.8692,0.8359
Spe, ,0.9984,1,0.7763,0.927,0.941,0.9146,0.9239,0.7717,0.7718,0.7577,0.7873,0.7687,0.7686,0.7531,0.7717
,Dataset,MSE,BCE,WBCE,Pure_Fbeta,Any_Fbeta,WBCEFL,SPLFL,Pure_Gmean,Any_Gmean,WBCEGL,SPLGL,Pure_BAccu,Any_BAccu,WBCEBL,SPLBL
Acc,D,0.7847,0.7874,0.6738,0.6632,0.6859,0.6712,0.5765,0.6819,0.6765,0.6738,0.6765,0.6765,0.7032,0.6685,0.6738
F1,S,0.348,0.3273,0.5187,0.503,0.516,0.5103,0.4993,0.5227,0.5189,0.5207,0.5187,0.5221,0.4183,0.5161,0.516
Gmean,44,0.4796,0.458,0.6945,0.6786,0.6918,0.6869,0.5603,0.6981,0.6949,0.6961,0.6945,0.6974,0.558,0.6917,0.6924
B_Acc,C,0.605,0.5936,0.6973,0.6845,0.6935,0.6896,0.6655,0.7006,0.6972,0.6992,0.6971,0.7009,0.6595,0.6957,0.6954
Pre,S,0.6095,0.6711,0.3994,0.3875,0.4067,0.3944,0.3641,0.406,0.4007,0.4001,0.401,0.4022,0.3293,0.3952,0.3978
Rec,V,0.2627,0.224,0.7421,0.7251,0.7081,0.7249,0.8364,0.7364,0.7365,0.7476,0.7362,0.7474,0.5751,0.7476,0.7364
Spe, ,0.9474,0.9632,0.6526,0.6439,0.6789,0.6544,0.4947,0.6649,0.6579,0.6509,0.6579,0.6544,0.7439,0.6439,0.6544
,Dataset,MSE,BCE,WBCE,Pure_Fbeta,Any_Fbeta,WBCEFL,SPLFL,Pure_Gmean,Any_Gmean,WBCEGL,SPLGL,Pure_BAccu,Any_BAccu,WBCEBL,SPLBL
Acc,D,0.7617,0.7565,0.7461,0.7331,0.5814,0.7409,0.7266,0.7461,0.7396,0.7539,0.7369,0.7356,0.7291,0.7513,0.7422
F1,S,0.6311,0.6198,0.6759,0.6653,0.6163,0.6741,0.6636,0.6684,0.667,0.6827,0.6559,0.6688,0.6564,0.6864,0.674
Gmean,45,0.7058,0.697,0.7472,0.7373,0.4514,0.7466,0.7351,0.7423,0.7403,0.7541,0.7313,0.7411,0.7305,0.7558,0.745
B_Acc,C,0.7199,0.7132,0.7485,0.7394,0.6526,0.7472,0.737,0.7433,0.7418,0.7546,0.7336,0.743,0.7329,0.7569,0.7472
Pre,S,0.6958,0.6879,0.6134,0.5941,0.4943,0.6007,0.5835,0.6148,0.6029,0.6226,0.604,0.5942,0.5893,0.6174,0.6062
Rec,V,0.5818,0.5704,0.757,0.7607,0.8852,0.7685,0.772,0.7346,0.7495,0.7571,0.7232,0.7681,0.7459,0.7758,0.7645
Spe, ,0.858,0.856,0.74,0.718,0.42,0.726,0.702,0.752,0.734,0.752,0.744,0.718,0.72,0.738,0.73
,Dataset,MSE,BCE,WBCE,Pure_Fbeta,Any_Fbeta,WBCEFL,SPLFL,Pure_Gmean,Any_Gmean,WBCEGL,SPLGL,Pure_BAccu,Any_BAccu,WBCEBL,SPLBL
Acc,D,0.8055,0.8055,0.5483,0.2083,0.2246,0.3614,0.1945,0.5722,0.5371,0.5522,0.5458,0.5898,0.4554,0.5546,0.648
F1,S,0,0,0.2962,0.3281,0.3268,0.3154,0.3256,0.297,0.2994,0.2766,0.2902,0.2944,0.3038,0.2841,0.1192
Gmean,46,0,0,0.523,0.06,0.1246,0.4346,0,0.5265,0.5233,0.5032,0.5171,0.5238,0.4143,0.511,0.09952
B_Acc,C,0.5,0.5,0.5264,0.5061,0.5065,0.5131,0.5,0.5313,0.5267,0.5092,0.5199,0.5325,0.5175,0.518,0.5053
Pre,S,0,0,0.2126,0.1966,0.1968,0.1997,0.1945,0.2185,0.2129,0.2025,0.2087,0.2219,0.2065,0.2066,0.08276
Rec,V,0,0,0.4903,0.9935,0.9677,0.7613,1,0.4645,0.5097,0.4387,0.4774,0.4387,0.6193,0.4581,0.271
Spe, ,1,1,0.5624,0.0186,0.04522,0.2648,0,0.5982,0.5438,0.5795,0.5623,0.6262,0.4157,0.578,0.7395
,Dataset,MSE,BCE,WBCE,Pure_Fbeta,Any_Fbeta,WBCEFL,SPLFL,Pure_Gmean,Any_Gmean,WBCEGL,SPLGL,Pure_BAccu,Any_BAccu,WBCEBL,SPLBL
Acc,D,0.7821,0.7746,0.6281,0.6465,0.5405,0.6293,0.2303,0.654,0.6502,0.6232,0.6601,0.6404,0.6663,0.6404,0.6453
F1,S,0.0974,0.08792,0.4394,0.4745,0.4262,0.449,0.3744,0.4542,0.4628,0.4277,0.4504,0.4516,0.4735,0.4428,0.4542
Gmean,47,0.1762,0.1443,0.6275,0.6598,0.5002,0.6352,0,0.6425,0.6495,0.6173,0.6387,0.6377,0.6585,0.6324,0.6424
B_Acc,C,0.5268,0.5219,0.629,0.6617,0.6025,0.6373,0.5,0.6439,0.651,0.6184,0.6405,0.6408,0.6611,0.6333,0.6441
Pre,S,0.6,0.25,0.3385,0.3629,0.3144,0.3442,0.2303,0.3576,0.3602,0.3305,0.3599,0.3519,0.3741,0.3451,0.3528
Rec,V,0.05362,0.05334,0.6307,0.6897,0.7169,0.6522,1,0.6254,0.6523,0.6097,0.6043,0.6417,0.6517,0.6202,0.6418
Spe, ,1,0.9904,0.6272,0.6336,0.488,0.6224,0,0.6624,0.6496,0.6272,0.6768,0.64,0.6704,0.6464,0.6464
,Dataset,MSE,BCE,WBCE,Pure_Fbeta,Any_Fbeta,WBCEFL,SPLFL,Pure_Gmean,Any_Gmean,WBCEGL,SPLGL,Pure_BAccu,Any_BAccu,WBCEBL,SPLBL
Acc,D,0.9988,0.9976,0.9952,0.9988,0.9964,0.9976,0.9964,0.9964,0.9964,0.9964,0.9976,0.9964,0.994,0.9964,0.9976
F1,S,0.9984,0.9969,0.9938,0.9984,0.9952,0.9968,0.9953,0.9954,0.9954,0.9953,0.9969,0.9953,0.9922,0.9953,0.9969
Gmean,48,0.9984,0.9981,0.9961,0.9984,0.9965,0.9974,0.9965,0.9971,0.9971,0.9971,0.9981,0.9971,0.9952,0.9971,0.9981
B_Acc,C,0.9984,0.9981,0.9962,0.9984,0.9965,0.9975,0.9965,0.9971,0.9971,0.9971,0.9981,0.9971,0.9952,0.9971,0.9981
Pre,S,1,0.9938,0.9877,1,0.9937,0.9969,0.9939,0.991,0.991,0.9908,0.9938,0.9907,0.9847,0.9907,0.9938
Rec,V,0.9968,1,1,0.9968,0.9968,0.9968,0.9968,1,1,1,1,1,1,1,1
Spe, ,1,0.9962,0.9924,1,0.9962,0.9981,0.9962,0.9942,0.9942,0.9943,0.9962,0.9943,0.9905,0.9943,0.9962
,Dataset,MSE,BCE,WBCE,Pure_Fbeta,Any_Fbeta,WBCEFL,SPLFL,Pure_Gmean,Any_Gmean,WBCEGL,SPLGL,Pure_BAccu,Any_BAccu,WBCEBL,SPLBL
Acc,D,0.974,0.9681,0.9598,0.961,0.9704,0.9622,0.9622,0.9598,0.961,0.9551,0.9503,0.9586,0.9574,0.9563,0.948
F1,S,0.9493,0.9385,0.9255,0.9259,0.9424,0.9286,0.9285,0.9259,0.927,0.9183,0.9089,0.9235,0.9222,0.9199,0.9068
Gmean,49,0.9644,0.9586,0.9594,0.9542,0.9588,0.9565,0.958,0.9623,0.957,0.9576,0.9514,0.9601,0.9591,0.9585,0.9528
B_Acc,C,0.9646,0.9589,0.9595,0.9543,0.9592,0.9566,0.9581,0.9625,0.9573,0.9578,0.9515,0.9602,0.9594,0.9587,0.9529
Pre,S,0.9544,0.9386,0.8963,0.9124,0.9504,0.9133,0.9088,0.8891,0.9089,0.8793,0.8694,0.8878,0.8878,0.8812,0.8581
Rec,V,0.9452,0.9402,0.9588,0.9405,0.9358,0.945,0.9497,0.9681,0.9496,0.9634,0.954,0.9634,0.9634,0.9635,0.9633
Spe, ,0.9841,0.9777,0.9602,0.9682,0.9825,0.9681,0.9666,0.957,0.965,0.9522,0.949,0.957,0.9554,0.9538,0.9426
,Dataset,MSE,BCE,WBCE,Pure_Fbeta,Any_Fbeta,WBCEFL,SPLFL,Pure_Gmean,Any_Gmean,WBCEGL,SPLGL,Pure_BAccu,Any_BAccu,WBCEBL,SPLBL
Acc,D,0.7234,0.7223,0.7005,0.4613,0.4007,0.6275,0.3466,0.6159,0.6211,0.6942,0.6378,0.6504,0.6472,0.7129,0.6713
F1,S,0.4817,0.5063,0.5919,0.5394,0.5228,0.5719,0.5147,0.5509,0.5539,0.5852,0.5733,0.5718,0.5652,0.5837,0.5741
Gmean,50,0.581,0.6038,0.6762,0.3266,0.1266,0.6443,0,0.6282,0.6327,0.6705,0.6507,0.6513,0.6466,0.674,0.6557
B_Acc,C,0.6413,0.6494,0.6835,0.5649,0.5271,0.6484,0.5,0.6303,0.635,0.6774,0.6528,0.6559,0.6496,0.6826,0.6623
Pre,S,0.6927,0.6569,0.5689,0.3921,0.3706,0.4763,0.3466,0.4647,0.4674,0.5607,0.4849,0.5031,0.5025,0.5866,0.5411
Rec,V,0.3736,0.4123,0.6291,0.9011,0.9373,0.7167,1,0.6775,0.6804,0.6231,0.7017,0.6743,0.6569,0.584,0.6326
Spe, ,0.9089,0.8866,0.738,0.2288,0.1168,0.58,0,0.5831,0.5895,0.7317,0.6039,0.6375,0.6424,0.7812,0.6919
,Dataset,MSE,BCE,WBCE,Pure_Fbeta,Any_Fbeta,WBCEFL,SPLFL,Pure_Gmean,Any_Gmean,WBCEGL,SPLGL,Pure_BAccu,Any_BAccu,WBCEBL,SPLBL
Acc,D,0.9187,0.9176,0.9197,0.9249,0.9156,0.9207,0.9228,0.9176,0.9103,0.9208,0.9114,0.9208,0.9061,0.9249,0.9124
F1,S,0.8858,0.8822,0.8926,0.8946,0.8812,0.8898,0.8906,0.8896,0.8793,0.8933,0.8811,0.8932,0.875,0.8995,0.882
Gmean,51,0.908,0.9033,0.9208,0.9155,0.9048,0.913,0.9109,0.9179,0.9096,0.9203,0.9116,0.9209,0.907,0.9261,0.9113
B_Acc,C,0.9087,0.9047,0.9208,0.9161,0.9056,0.9134,0.9119,0.918,0.9097,0.9204,0.9117,0.921,0.9071,0.9261,0.9114
Pre,S,0.8993,0.9083,0.8627,0.9053,0.893,0.8926,0.9095,0.8626,0.8531,0.8691,0.8516,0.8665,0.8422,0.8706,0.8581
Rec,V,0.8729,0.8582,0.9248,0.8843,0.87,0.8872,0.8728,0.9191,0.9075,0.919,0.9132,0.9219,0.9104,0.9305,0.9075
Spe, ,0.9446,0.9511,0.9168,0.9478,0.9413,0.9396,0.951,0.9168,0.9119,0.9217,0.9103,0.9201,0.9037,0.9217,0.9152
,Dataset,MSE,BCE,WBCE,Pure_Fbeta,Any_Fbeta,WBCEFL,SPLFL,Pure_Gmean,Any_Gmean,WBCEGL,SPLGL,Pure_BAccu,Any_BAccu,WBCEBL,SPLBL
Acc,D,0.8161,0.8048,0.8027,0.7544,0.779,0.816,0.7575,0.7574,0.7841,0.78,0.7554,0.7533,0.7852,0.779,0.7677
F1,S,0.6795,0.6741,0.7421,0.667,0.6749,0.7489,0.6692,0.6776,0.7075,0.7146,0.6745,0.6885,0.6995,0.7097,0.7049
Gmean,52,0.7411,0.7414,0.812,0.751,0.7536,0.8145,0.7532,0.7605,0.7848,0.7904,0.7578,0.7691,0.7774,0.7862,0.7838
B_Acc,C,0.7614,0.7578,0.8149,0.7554,0.7605,0.8171,0.7576,0.763,0.7854,0.7933,0.7599,0.7727,0.78,0.7877,0.7865
Pre,S,0.8,0.7598,0.6632,0.6022,0.6598,0.6962,0.6057,0.6024,0.643,0.6298,0.6008,0.5904,0.6497,0.6313,0.6072
Rec,V,0.5997,0.6185,0.8511,0.758,0.7053,0.8203,0.758,0.7795,0.7889,0.8325,0.7733,0.8295,0.7642,0.8136,0.8417
Spe, ,0.9232,0.8971,0.7787,0.7527,0.8157,0.8141,0.7573,0.7465,0.7819,0.7541,0.7465,0.7158,0.7958,0.7618,0.7312
,Dataset,MSE,BCE,WBCE,Pure_Fbeta,Any_Fbeta,WBCEFL,SPLFL,Pure_Gmean,Any_Gmean,WBCEGL,SPLGL,Pure_BAccu,Any_BAccu,WBCEBL,SPLBL
Acc,D,0.9767,0.9747,0.9333,0.9677,0.9828,0.9656,0.9677,0.9343,0.9545,0.9374,0.9343,0.9353,0.9545,0.9333,0.9293
F1,S,0.8652,0.8532,0.7373,0.819,0.9061,0.8147,0.8219,0.7388,0.8026,0.7469,0.7391,0.7397,0.8061,0.7354,0.7236
Gmean,53,0.9125,0.9005,0.9626,0.8966,0.9582,0.9066,0.8975,0.9632,0.9747,0.9649,0.9631,0.9638,0.9746,0.9626,0.9603
B_Acc,C,0.9172,0.9061,0.9633,0.9022,0.9605,0.9111,0.9022,0.9639,0.975,0.9656,0.9639,0.9645,0.975,0.9633,0.9611
Pre,S,0.8916,0.8985,0.5881,0.8259,0.8955,0.7963,0.8286,0.5892,0.6727,0.5985,0.5893,0.5884,0.6806,0.5842,0.5696
Rec,V,0.8444,0.8222,1,0.8222,0.9333,0.8444,0.8222,1,1,1,1,1,1,1,1
Spe, ,0.99,0.99,0.9267,0.9822,0.9878,0.9778,0.9822,0.9278,0.95,0.9311,0.9278,0.9289,0.95,0.9267,0.9222
,Dataset,MSE,BCE,WBCE,Pure_Fbeta,Any_Fbeta,WBCEFL,SPLFL,Pure_Gmean,Any_Gmean,WBCEGL,SPLGL,Pure_BAccu,Any_BAccu,WBCEBL,SPLBL
Acc,D,0.729,0.731,0.718,0.685,0.617,0.695,0.681,0.708,0.694,0.71,0.693,0.683,0.702,0.694,0.692
F1,S,0.485,0.4852,0.589,0.571,0.5532,0.5751,0.569,0.5842,0.5688,0.5846,0.5599,0.56,0.578,0.5585,0.5698
Gmean,54,0.6035,0.6041,0.7043,0.6888,0.5546,0.6929,0.6861,0.7003,0.6869,0.701,0.6802,0.6798,0.6953,0.679,0.6882
B_Acc,C,0.6436,0.645,0.7052,0.6893,0.655,0.6936,0.6874,0.701,0.6871,0.7014,0.6817,0.6802,0.6957,0.6805,0.6886
Pre,S,0.5673,0.5669,0.524,0.4823,0.4572,0.4933,0.479,0.5109,0.4946,0.5126,0.4905,0.4798,0.5029,0.492,0.4907
Rec,V,0.43,0.43,0.6733,0.7,0.75,0.69,0.7033,0.6833,0.67,0.68,0.6533,0.6733,0.68,0.6467,0.68
Spe, ,0.8571,0.86,0.7372,0.6786,0.56,0.6971,0.6714,0.7186,0.7043,0.7229,0.71,0.6872,0.7114,0.7143,0.6971
,Dataset,MSE,BCE,WBCE,Pure_Fbeta,Any_Fbeta,WBCEFL,SPLFL,Pure_Gmean,Any_Gmean,WBCEGL,SPLGL,Pure_BAccu,Any_BAccu,WBCEBL,SPLBL
Acc,D,0.75,0.73,0.648,0.599,0.618,0.621,0.491,0.625,0.644,0.639,0.631,0.639,0.665,0.639,0.659
F1,S,0.3515,0.3003,0.4497,0.4528,0.4513,0.4484,0.4233,0.4436,0.4494,0.4471,0.4399,0.4518,0.4638,0.434,0.4503
Gmean,55,0.4891,0.4498,0.613,0.6097,0.6032,0.6101,0.4557,0.6071,0.6124,0.6104,0.6039,0.6146,0.6252,0.5998,0.6126
B_Acc,C,0.5913,0.5655,0.619,0.6136,0.615,0.6122,0.5633,0.6087,0.6165,0.6155,0.6077,0.6169,0.6306,0.6067,0.6193
Pre,S,0.5388,0.4629,0.3781,0.3507,0.3664,0.3616,0.3092,0.362,0.3775,0.3708,0.3641,0.3749,0.3977,0.3638,0.3903
Rec,V,0.2622,0.224,0.5593,0.6442,0.6093,0.5941,0.7136,0.575,0.5595,0.5669,0.5595,0.5712,0.5595,0.5399,0.5367
Spe, ,0.9204,0.907,0.6788,0.583,0.6208,0.6303,0.4128,0.6425,0.6735,0.664,0.656,0.6627,0.7018,0.6734,0.7019
,Dataset,MSE,BCE,WBCE,Pure_Fbeta,Any_Fbeta,WBCEFL,SPLFL,Pure_Gmean,Any_Gmean,WBCEGL,SPLGL,Pure_BAccu,Any_BAccu,WBCEBL,SPLBL
Acc,D,0.8782,0.8782,0.7383,0.7968,0.7987,0.792,0.7939,0.7316,0.7297,0.7383,0.7277,0.7249,0.7105,0.7383,0.7249
F1,S,0,0,0.4358,0.4341,0.4201,0.4428,0.4235,0.4271,0.4182,0.4298,0.4081,0.4261,0.405,0.4206,0.4156
Gmean,56,0,0,0.7692,0.7213,0.7006,0.7366,0.7103,0.7653,0.7532,0.7638,0.7436,0.7677,0.7454,0.7522,0.7553
B_Acc,C,0.5,0.5,0.7735,0.7286,0.7127,0.7428,0.7204,0.7694,0.7578,0.7699,0.7469,0.7723,0.7509,0.7564,0.7588
Pre,S,0,0,0.2992,0.3313,0.3256,0.332,0.3241,0.2903,0.2855,0.2947,0.2784,0.2872,0.2726,0.2895,0.2811
Rec,V,0,0,0.82,0.6385,0.5991,0.6778,0.6231,0.8194,0.7951,0.8117,0.7723,0.8351,0.8043,0.7803,0.8037
Spe, ,1,1,0.727,0.8187,0.8264,0.8078,0.8176,0.7194,0.7204,0.7281,0.7215,0.7095,0.6975,0.7324,0.7139
,Dataset,MSE,BCE,WBCE,Pure_Fbeta,Any_Fbeta,WBCEFL,SPLFL,Pure_Gmean,Any_Gmean,WBCEGL,SPLGL,Pure_BAccu,Any_BAccu,WBCEBL,SPLBL
Acc,D,0.8654,0.8597,0.8446,0.8569,0.8455,0.8531,0.8474,0.8417,0.8436,0.8455,0.8474,0.8512,0.8502,0.8493,0.8417
F1,S,0.8005,0.791,0.7908,0.8012,0.7809,0.7958,0.7872,0.7863,0.7904,0.79,0.7945,0.8006,0.793,0.7963,0.7892
Gmean,57,0.8484,0.8403,0.8506,0.8559,0.8375,0.8516,0.8439,0.8461,0.8501,0.849,0.8531,0.8587,0.8503,0.8546,0.8494
B_Acc,C,0.8503,0.8425,0.851,0.8562,0.8387,0.852,0.8449,0.8469,0.851,0.8497,0.8539,0.8595,0.8505,0.8553,0.8503
Pre,S,0.7995,0.7946,0.7246,0.7556,0.7509,0.7506,0.7461,0.7245,0.7235,0.7306,0.7301,0.7325,0.7427,0.7332,0.7194
Rec,V,0.8035,0.7893,0.8708,0.854,0.8176,0.8484,0.8371,0.8624,0.8736,0.8624,0.8736,0.8849,0.8511,0.8737,0.8764
Spe, ,0.897,0.8956,0.8312,0.8584,0.8599,0.8555,0.8527,0.8313,0.8284,0.837,0.8341,0.8341,0.8498,0.837,0.8241
,Dataset,MSE,BCE,WBCE,Pure_Fbeta,Any_Fbeta,WBCEFL,SPLFL,Pure_Gmean,Any_Gmean,WBCEGL,SPLGL,Pure_BAccu,Any_BAccu,WBCEBL,SPLBL
Acc,D,0.8171,0.818,0.7308,0.7664,0.7655,0.7477,0.7636,0.7158,0.6998,0.7261,0.7064,0.7289,0.6999,0.7233,0.742
F1,S,0.0263,0.0345,0.4499,0.4651,0.4396,0.4457,0.4602,0.4311,0.4268,0.4448,0.426,0.4444,0.4222,0.4357,0.4392
Gmean,58,0.07824,0.0915,0.6925,0.6904,0.6616,0.6806,0.6867,0.6792,0.6802,0.6908,0.6767,0.6863,0.6742,0.6811,0.6749
B_Acc,C,0.4992,0.5019,0.6962,0.7004,0.6805,0.6891,0.6965,0.6828,0.6818,0.6932,0.6793,0.6908,0.6776,0.6851,0.6835
Pre,S,0.06444,0.08334,0.3478,0.3818,0.3702,0.3562,0.3771,0.3283,0.3176,0.3402,0.3211,0.3461,0.316,0.3351,0.3515
Rec,V,0.01652,0.02194,0.6434,0.5999,0.5509,0.5998,0.5943,0.6326,0.6543,0.6432,0.638,0.6326,0.6437,0.627,0.5943
Spe, ,0.9819,0.9819,0.7489,0.8009,0.81,0.7783,0.7987,0.7331,0.7093,0.7432,0.7206,0.749,0.7116,0.7432,0.7727
,Dataset,MSE,BCE,WBCE,Pure_Fbeta,Any_Fbeta,WBCEFL,SPLFL,Pure_Gmean,Any_Gmean,WBCEGL,SPLGL,Pure_BAccu,Any_BAccu,WBCEBL,SPLBL
Acc,D,0.9814,0.9814,0.9804,0.9767,0.9814,0.9851,0.9823,0.9879,0.9814,0.9832,0.9777,0.9805,0.9795,0.9832,0.9758
F1,S,0.9706,0.9706,0.9706,0.9631,0.9704,0.9768,0.972,0.9815,0.9718,0.9746,0.9662,0.9702,0.9688,0.9745,0.963
Gmean,59,0.9732,0.9732,0.981,0.9666,0.9724,0.9806,0.9739,0.988,0.9824,0.9846,0.979,0.981,0.9804,0.9846,0.9761
B_Acc,C,0.9736,0.9736,0.9811,0.9671,0.9728,0.9808,0.9742,0.9881,0.9825,0.9846,0.979,0.9811,0.9804,0.9846,0.9762
Pre,S,0.9911,0.991,0.9589,0.9879,0.9942,0.9855,0.994,0.9749,0.9589,0.9611,0.9505,0.9581,0.9554,0.961,0.9497
Rec,V,0.9512,0.9512,0.9828,0.9397,0.9484,0.9684,0.9512,0.9885,0.9857,0.9885,0.9828,0.9828,0.9828,0.9885,0.9771
Spe, ,0.9959,0.9959,0.9793,0.9945,0.9972,0.9931,0.9972,0.9876,0.9793,0.9807,0.9752,0.9793,0.978,0.9807,0.9752
,Dataset,MSE,BCE,WBCE,Pure_Fbeta,Any_Fbeta,WBCEFL,SPLFL,Pure_Gmean,Any_Gmean,WBCEGL,SPLGL,Pure_BAccu,Any_BAccu,WBCEBL,SPLBL
Acc,D,0.8747,0.8756,0.7344,0.805,0.8152,0.7883,0.7874,0.7344,0.7502,0.7372,0.7493,0.7196,0.7233,0.7382,0.7177
F1,S,0.03914,0,0.4369,0.465,0.4362,0.4433,0.4546,0.4347,0.4507,0.4461,0.4516,0.4354,0.4339,0.4543,0.4307
Gmean,60,0.09242,0,0.7716,0.748,0.6961,0.7355,0.753,0.7691,0.7787,0.782,0.7814,0.7768,0.774,0.7917,0.7731
B_Acc,C,0.509,0.5,0.7745,0.7538,0.7116,0.7411,0.7567,0.7713,0.7805,0.7857,0.7831,0.7821,0.7778,0.7961,0.7779
Pre,S,0.1667,0,0.2972,0.3534,0.3542,0.3321,0.3342,0.296,0.3113,0.3028,0.3109,0.2914,0.2915,0.3075,0.2877
Rec,V,0.02222,0,0.8279,0.6857,0.5738,0.6783,0.716,0.8205,0.8208,0.8504,0.8282,0.8655,0.8504,0.8732,0.8581
Spe, ,0.9958,1,0.7211,0.8218,0.8494,0.8038,0.7974,0.7221,0.7401,0.7211,0.738,0.6988,0.7052,0.7189,0.6977
,Dataset,MSE,BCE,WBCE,Pure_Fbeta,Any_Fbeta,WBCEFL,SPLFL,Pure_Gmean,Any_Gmean,WBCEGL,SPLGL,Pure_BAccu,Any_BAccu,WBCEBL,SPLBL
Acc,D,0.9305,0.9305,0.7556,0.8765,0.8764,0.8485,0.862,0.7502,0.7429,0.7619,0.7601,0.7601,0.7195,0.7502,0.7267
F1,S,0,0,0.307,0.3091,0.2387,0.3292,0.2621,0.2996,0.2889,0.3029,0.306,0.3091,0.2796,0.3084,0.2765
Gmean,61,0,0,0.7582,0.6022,0.5001,0.6726,0.5616,0.7548,0.7338,0.7492,0.7543,0.7594,0.7424,0.7672,0.7355
B_Acc,C,0.5,0.5,0.7604,0.6567,0.6044,0.6965,0.6321,0.7574,0.7358,0.7518,0.7574,0.7628,0.7472,0.7694,0.7399
Pre,S,0,0,0.1925,0.2528,0.2314,0.2424,0.2198,0.1865,0.1808,0.1908,0.1926,0.1944,0.1711,0.1917,0.1697
Rec,V,0,0,0.7658,0.4017,0.2883,0.52,0.365,0.7658,0.7275,0.74,0.7542,0.7658,0.7792,0.7917,0.755
Spe, ,1,1,0.7548,0.9118,0.9205,0.873,0.8992,0.749,0.7441,0.7636,0.7607,0.7597,0.7151,0.7471,0.7248
,Dataset,MSE,BCE,WBCE,Pure_Fbeta,Any_Fbeta,WBCEFL,SPLFL,Pure_Gmean,Any_Gmean,WBCEGL,SPLGL,Pure_BAccu,Any_BAccu,WBCEBL,SPLBL
Acc,D,0.9273,0.9282,0.8979,0.929,0.9256,0.9213,0.9204,0.8979,0.8979,0.9005,0.9013,0.9022,0.8988,0.8979,0.9013
F1,S,0.8236,0.8251,0.795,0.8335,0.8254,0.8226,0.8127,0.7953,0.7972,0.7977,0.8023,0.8014,0.797,0.7968,0.7963
Gmean,62,0.8643,0.8659,0.8945,0.8802,0.8763,0.8816,0.8637,0.8933,0.8978,0.8935,0.8986,0.8944,0.8965,0.8986,0.8869
B_Acc,C,0.871,0.873,0.8954,0.8846,0.8811,0.8852,0.8693,0.894,0.8981,0.8942,0.899,0.8954,0.8973,0.8996,0.8878
Pre,S,0.8917,0.8932,0.7215,0.869,0.8572,0.8348,0.8591,0.7247,0.7186,0.7304,0.7306,0.7389,0.7217,0.7178,0.7423
Rec,V,0.7697,0.7738,0.8907,0.8048,0.8011,0.8205,0.7774,0.8868,0.8984,0.8829,0.8947,0.883,0.8946,0.9026,0.8634
Spe, ,0.9722,0.9722,0.9,0.9645,0.9611,0.95,0.9611,0.9011,0.8978,0.9056,0.9033,0.9078,0.9,0.8967,0.9122
,Dataset,MSE,BCE,WBCE,Pure_Fbeta,Any_Fbeta,WBCEFL,SPLFL,Pure_Gmean,Any_Gmean,WBCEGL,SPLGL,Pure_BAccu,Any_BAccu,WBCEBL,SPLBL
Acc,D,0.9432,0.9409,0.8553,0.9333,0.9341,0.928,0.9364,0.853,0.8636,0.853,0.8606,0.8493,0.8591,0.8568,0.8455
F1,S,0.6446,0.6303,0.5287,0.6421,0.6158,0.6432,0.6495,0.5328,0.5452,0.5239,0.537,0.522,0.5371,0.5346,0.522
Gmean,63,0.7367,0.7261,0.8582,0.7824,0.7415,0.8071,0.7781,0.8676,0.8659,0.8564,0.8607,0.8616,0.8627,0.8628,0.869
B_Acc,C,0.7693,0.7609,0.8586,0.8004,0.7714,0.8189,0.7985,0.8681,0.8666,0.8572,0.8614,0.8622,0.8639,0.863,0.8707
Pre,S,0.7702,0.7717,0.3814,0.6505,0.686,0.6089,0.681,0.3816,0.3976,0.3767,0.39,0.3715,0.3895,0.386,0.3676
Rec,V,0.5553,0.5393,0.8627,0.6367,0.5713,0.6847,0.6287,0.8867,0.8703,0.8623,0.8623,0.8783,0.87,0.8707,0.902
Spe, ,0.9833,0.9824,0.8545,0.964,0.9716,0.9532,0.9682,0.8495,0.8629,0.852,0.8604,0.8462,0.8579,0.8553,0.8395
,Dataset,MSE,BCE,WBCE,Pure_Fbeta,Any_Fbeta,WBCEFL,SPLFL,Pure_Gmean,Any_Gmean,WBCEGL,SPLGL,Pure_BAccu,Any_BAccu,WBCEBL,SPLBL
Acc,D,1,1,1,1,1,1,1,1,1,1,1,1,1,1,1
F1,S,1,1,1,1,1,1,1,1,1,1,1,1,1,1,1
Gmean,64,1,1,1,1,1,1,1,1,1,1,1,1,1,1,1
B_Acc,C,1,1,1,1,1,1,1,1,1,1,1,1,1,1,1
Pre,S,1,1,1,1,1,1,1,1,1,1,1,1,1,1,1
Rec,V,1,1,1,1,1,1,1,1,1,1,1,1,1,1,1
Spe, ,1,1,1,1,1,1,1,1,1,1,1,1,1,1,1
,Dataset,MSE,BCE,WBCE,Pure_Fbeta,Any_Fbeta,WBCEFL,SPLFL,Pure_Gmean,Any_Gmean,WBCEGL,SPLGL,Pure_BAccu,Any_BAccu,WBCEBL,SPLBL
Acc,D,0.904,0.9013,0.8189,0.8841,0.8923,0.8738,0.8916,0.7984,0.823,0.8127,0.8018,0.7873,0.8114,0.8059,0.7915
F1,S,0.485,0.4063,0.5383,0.5349,0.5574,0.5427,0.5489,0.5215,0.5532,0.5318,0.5206,0.5036,0.5311,0.5296,0.5011
Gmean,65,0.6048,0.4997,0.8354,0.7181,0.7242,0.7487,0.718,0.837,0.8492,0.8337,0.8298,0.8225,0.8374,0.8392,0.8164
B_Acc,C,0.6797,0.6547,0.8366,0.7482,0.7528,0.7663,0.7501,0.8393,0.8508,0.8354,0.8316,0.826,0.8394,0.8414,0.8186
Pre,S,0.6987,0.5778,0.3934,0.5273,0.554,0.4856,0.5653,0.3695,0.4043,0.3862,0.3735,0.356,0.3823,0.3792,0.3566
Rec,V,0.3828,0.3281,0.86,0.5683,0.5681,0.624,0.5627,0.8933,0.8876,0.8654,0.871,0.877,0.8765,0.8883,0.8543
Spe, ,0.9766,0.9813,0.8133,0.9281,0.9375,0.9086,0.9375,0.7852,0.8141,0.8055,0.7922,0.775,0.8023,0.7945,0.7828
,Dataset,MSE,BCE,WBCE,Pure_Fbeta,Any_Fbeta,WBCEFL,SPLFL,Pure_Gmean,Any_Gmean,WBCEGL,SPLGL,Pure_BAccu,Any_BAccu,WBCEBL,SPLBL
Acc,D,0.8976,0.8976,0.7716,0.8349,0.8343,0.826,0.833,0.7639,0.7703,0.7659,0.7678,0.7627,0.7659,0.771,0.7646
F1,S,0,0,0.4057,0.4242,0.4128,0.4318,0.4318,0.4017,0.4068,0.4055,0.4072,0.4099,0.4087,0.409,0.4014
Gmean,66,0,0,0.7665,0.7145,0.697,0.7394,0.7274,0.7676,0.7682,0.771,0.7719,0.7799,0.7748,0.7722,0.7654
B_Acc,C,0.5,0.5,0.7676,0.7281,0.7139,0.748,0.7381,0.7688,0.7696,0.7727,0.7738,0.782,0.7754,0.7727,0.7664
Pre,S,0,0,0.2767,0.331,0.3291,0.3242,0.3316,0.2715,0.2773,0.2743,0.2761,0.2755,0.2762,0.278,0.2722
Rec,V,0,0,0.7625,0.5938,0.5625,0.65,0.6188,0.775,0.7688,0.7812,0.7812,0.8062,0.7875,0.775,0.7687
Spe, ,1,1,0.7727,0.8624,0.8653,0.8461,0.8574,0.7627,0.7705,0.7641,0.7662,0.7577,0.7634,0.7705,0.7641
,Dataset,MSE,BCE,WBCE,Pure_Fbeta,Any_Fbeta,WBCEFL,SPLFL,Pure_Gmean,Any_Gmean,WBCEGL,SPLGL,Pure_BAccu,Any_BAccu,WBCEBL,SPLBL
Acc,D,0.7686,0.7268,0.6753,0.6551,0.6603,0.6551,0.6516,0.669,0.6968,0.6823,0.6771,0.6481,0.7118,0.6956,0.6522
F1,S,0.5635,0.5031,0.6225,0.6314,0.628,0.6259,0.626,0.6024,0.635,0.6313,0.6177,0.6219,0.6717,0.6449,0.6273
Gmean,67,0.6609,0.623,0.7179,0.7112,0.7137,0.7084,0.7066,0.7047,0.7362,0.7269,0.7174,0.7021,0.7649,0.741,0.7069
B_Acc,C,0.6901,0.6525,0.7372,0.7493,0.7448,0.7427,0.743,0.7172,0.7498,0.7466,0.7339,0.7383,0.7893,0.7595,0.7445
Pre,S,0.6622,0.5508,0.4802,0.4648,0.468,0.4648,0.4621,0.4721,0.4974,0.4858,0.4787,0.4598,0.5105,0.4981,0.463
Rec,V,0.4943,0.467,0.8918,0.9845,0.9556,0.9614,0.971,0.8376,0.8822,0.9073,0.8762,0.9633,0.9827,0.9189,0.9749
Spe, ,0.8859,0.838,0.5827,0.5141,0.5339,0.524,0.5149,0.5967,0.6174,0.5859,0.5917,0.5132,0.5959,0.6,0.514
,Dataset,MSE,BCE,WBCE,Pure_Fbeta,Any_Fbeta,WBCEFL,SPLFL,Pure_Gmean,Any_Gmean,WBCEGL,SPLGL,Pure_BAccu,Any_BAccu,WBCEBL,SPLBL
Acc,D,0.9732,0.9686,0.9706,0.9614,0.9603,0.967,0.965,0.9634,0.9655,0.9634,0.9609,0.9655,0.9454,0.965,0.9613
F1,S,0.962,0.9555,0.9591,0.9459,0.9453,0.954,0.9516,0.9496,0.9524,0.9496,0.9462,0.9524,0.9276,0.9518,0.9469
Gmean,68,0.9735,0.9682,0.9742,0.9639,0.9659,0.9701,0.9705,0.9693,0.9716,0.9686,0.9669,0.9716,0.9569,0.9705,0.9673
B_Acc,C,0.9736,0.9683,0.9744,0.9642,0.9661,0.9702,0.9707,0.9696,0.9718,0.9689,0.9672,0.9718,0.9579,0.9707,0.9676
Pre,S,0.95,0.9448,0.9336,0.9217,0.909,0.9295,0.9169,0.9133,0.9157,0.916,0.9085,0.9158,0.8669,0.9174,0.9096
Rec,V,0.9748,0.9673,0.9866,0.9733,0.9851,0.9807,0.9895,0.9896,0.9926,0.9866,0.9881,0.9926,0.9985,0.9896,0.9881
Spe, ,0.9724,0.9692,0.9621,0.9551,0.9472,0.9598,0.9519,0.9495,0.9511,0.9511,0.9464,0.9511,0.9172,0.9519,0.9472
,Dataset,MSE,BCE,WBCE,Pure_Fbeta,Any_Fbeta,WBCEFL,SPLFL,Pure_Gmean,Any_Gmean,WBCEGL,SPLGL,Pure_BAccu,Any_BAccu,WBCEBL,SPLBL
Acc,D,0.9985,0.9985,0.998,0.9985,0.9985,0.9985,0.9985,0.9985,0.9985,0.998,0.998,0.9985,0.959,0.998,0.9985
F1,S,0.9924,0.9924,0.9899,0.9924,0.9924,0.9924,0.9924,0.9924,0.9924,0.9899,0.9899,0.9924,0.5949,0.9899,0.9924
Gmean,69,0.9924,0.9924,0.9922,0.9924,0.9924,0.9924,0.9924,0.9924,0.9924,0.9922,0.9922,0.9924,0.595,0.9922,0.9924
B_Acc,C,0.9925,0.9925,0.9922,0.9925,0.9925,0.9925,0.9925,0.9925,0.9925,0.9922,0.9922,0.9925,0.795,0.9922,0.9925
Pre,S,1,1,0.9951,1,1,1,1,1,1,0.9951,0.9951,1,0.6,0.9951,1
Rec,V,0.985,0.985,0.985,0.985,0.985,0.985,0.985,0.985,0.985,0.985,0.985,0.985,0.59,0.985,0.985
Spe, ,1,1,0.9994,1,1,1,1,1,1,0.9994,0.9994,1,1,0.9994,1
,Dataset,MSE,BCE,WBCE,Pure_Fbeta,Any_Fbeta,WBCEFL,SPLFL,Pure_Gmean,Any_Gmean,WBCEGL,SPLGL,Pure_BAccu,Any_BAccu,WBCEBL,SPLBL
Acc,D,0.9995,0.999,0.9985,0.999,0.9995,0.999,0.999,0.9985,0.9985,0.999,0.998,0.999,0.9975,0.9985,0.998
F1,S,0.9975,0.995,0.9925,0.9949,0.9975,0.9949,0.9949,0.9925,0.9925,0.995,0.9901,0.995,0.9877,0.9925,0.9901
Gmean,70,0.9975,0.9972,0.9969,0.9949,0.9975,0.9949,0.995,0.9969,0.9969,0.9972,0.9966,0.9972,0.9964,0.9969,0.9966
B_Acc,C,0.9975,0.9972,0.9969,0.995,0.9975,0.995,0.995,0.9969,0.9969,0.9972,0.9967,0.9972,0.9964,0.9969,0.9967
Pre,S,1,0.9951,0.9901,1,1,1,1,0.9901,0.9902,0.995,0.9852,0.995,0.9807,0.9901,0.9852
Rec,V,0.995,0.995,0.995,0.99,0.995,0.99,0.99,0.995,0.995,0.995,0.995,0.995,0.995,0.995,0.995
Spe, ,1,0.9994,0.9989,1,1,1,1,0.9989,0.9989,0.9994,0.9983,0.9994,0.9978,0.9989,0.9983
,Dataset,MSE,BCE,WBCE,Pure_Fbeta,Any_Fbeta,WBCEFL,SPLFL,Pure_Gmean,Any_Gmean,WBCEGL,SPLGL,Pure_BAccu,Any_BAccu,WBCEBL,SPLBL
Acc,D,0.998,0.998,0.9965,0.999,0.996,0.999,0.9985,0.994,0.9945,0.995,0.9965,0.9965,0.9985,0.993,0.996
F1,S,0.9901,0.9901,0.9828,0.995,0.9802,0.9949,0.9923,0.971,0.9738,0.9756,0.9827,0.9828,0.9926,0.9663,0.9804
Gmean,71,0.9966,0.9966,0.9958,0.9972,0.991,0.9949,0.9924,0.9944,0.9947,0.995,0.9958,0.9958,0.9969,0.9939,0.9955
B_Acc,C,0.9967,0.9967,0.9958,0.9972,0.9911,0.995,0.9925,0.9944,0.9947,0.995,0.9958,0.9958,0.9969,0.9939,0.9955
Pre,S,0.9856,0.9854,0.971,0.9951,0.9757,1,1,0.9487,0.9545,0.9569,0.9708,0.9711,0.9905,0.9397,0.9663
Rec,V,0.995,0.995,0.995,0.995,0.985,0.99,0.985,0.995,0.995,0.995,0.995,0.995,0.995,0.995,0.995
Spe, ,0.9983,0.9983,0.9966,0.9994,0.9972,1,1,0.9939,0.9944,0.995,0.9966,0.9966,0.9989,0.9928,0.9961
,Dataset,MSE,BCE,WBCE,Pure_Fbeta,Any_Fbeta,WBCEFL,SPLFL,Pure_Gmean,Any_Gmean,WBCEGL,SPLGL,Pure_BAccu,Any_BAccu,WBCEBL,SPLBL
Acc,D,0.9945,0.9945,0.9825,0.9935,0.9945,0.993,0.993,0.9875,0.9905,0.986,0.989,0.9845,0.9915,0.985,0.988
F1,S,0.9727,0.9726,0.9192,0.9672,0.9721,0.9647,0.9647,0.9411,0.9545,0.9342,0.9476,0.928,0.9589,0.9302,0.9436
Gmean,72,0.9835,0.9835,0.9857,0.9761,0.9789,0.9758,0.9758,0.9885,0.9858,0.9877,0.9871,0.9869,0.9885,0.9849,0.9888
B_Acc,C,0.9836,0.9836,0.9858,0.9764,0.9792,0.9761,0.9761,0.9886,0.9858,0.9878,0.9872,0.987,0.9886,0.985,0.9889
Pre,S,0.9761,0.9758,0.859,0.9804,0.9846,0.9747,0.9752,0.898,0.9319,0.8854,0.9141,0.8746,0.935,0.8837,0.9032
Rec,V,0.97,0.97,0.99,0.955,0.96,0.955,0.955,0.99,0.98,0.99,0.985,0.99,0.985,0.985,0.99
Spe, ,0.9972,0.9972,0.9817,0.9978,0.9983,0.9972,0.9972,0.9872,0.9917,0.9856,0.9894,0.9839,0.9922,0.985,0.9878
,Dataset,MSE,BCE,WBCE,Pure_Fbeta,Any_Fbeta,WBCEFL,SPLFL,Pure_Gmean,Any_Gmean,WBCEGL,SPLGL,Pure_BAccu,Any_BAccu,WBCEBL,SPLBL
Acc,D,0.992,0.9905,0.9845,0.9935,0.993,0.9925,0.992,0.984,0.9905,0.983,0.9865,0.983,0.99,0.979,0.985
F1,S,0.9604,0.9533,0.9279,0.9676,0.9645,0.9623,0.9599,0.925,0.9544,0.9218,0.9365,0.9215,0.9512,0.904,0.93
Gmean,73,0.9843,0.9812,0.9847,0.9851,0.9758,0.98,0.9776,0.9821,0.9902,0.9838,0.9857,0.9838,0.9832,0.9793,0.9849
B_Acc,C,0.9844,0.9814,0.9847,0.9853,0.9761,0.9803,0.9778,0.9822,0.9903,0.9839,0.9858,0.9839,0.9833,0.9795,0.985
Pre,S,0.9469,0.938,0.8787,0.9606,0.9745,0.9609,0.96,0.8781,0.9217,0.8682,0.8941,0.8677,0.9293,0.8405,0.8822
Rec,V,0.975,0.97,0.985,0.975,0.955,0.965,0.96,0.98,0.99,0.985,0.985,0.985,0.975,0.98,0.985
Spe, ,0.9939,0.9928,0.9844,0.9955,0.9972,0.9955,0.9955,0.9845,0.9905,0.9828,0.9867,0.9828,0.9916,0.9789,0.985
,Dataset,MSE,BCE,WBCE,Pure_Fbeta,Any_Fbeta,WBCEFL,SPLFL,Pure_Gmean,Any_Gmean,WBCEGL,SPLGL,Pure_BAccu,Any_BAccu,WBCEBL,SPLBL
Acc,D,0.9905,0.988,0.9845,0.994,0.9925,0.991,0.9925,0.9825,0.992,0.986,0.9875,0.9845,0.993,0.9755,0.984
F1,S,0.9532,0.9417,0.9269,0.9698,0.9623,0.9556,0.9627,0.9182,0.9608,0.9332,0.9396,0.9264,0.9658,0.8897,0.9248
Gmean,74,0.9812,0.9798,0.9825,0.9809,0.9756,0.9815,0.9823,0.9813,0.9865,0.981,0.9795,0.9802,0.9894,0.9752,0.9822
B_Acc,C,0.9814,0.98,0.9825,0.9811,0.9758,0.9816,0.9825,0.9814,0.9866,0.9811,0.9797,0.9803,0.9894,0.9753,0.9822
Pre,S,0.9372,0.9161,0.8797,0.9749,0.97,0.9421,0.956,0.8642,0.943,0.8954,0.9119,0.8828,0.9475,0.8197,0.876
Rec,V,0.97,0.97,0.98,0.965,0.955,0.97,0.97,0.98,0.98,0.975,0.97,0.975,0.985,0.975,0.98
Spe, ,0.9928,0.99,0.985,0.9972,0.9967,0.9933,0.995,0.9828,0.9933,0.9872,0.9894,0.9856,0.9939,0.9755,0.9844
,Dataset,MSE,BCE,WBCE,Pure_Fbeta,Any_Fbeta,WBCEFL,SPLFL,Pure_Gmean,Any_Gmean,WBCEGL,SPLGL,Pure_BAccu,Any_BAccu,WBCEBL,SPLBL
Acc,D,0.9065,0.9045,0.8455,0.9055,0.8985,0.8965,0.8955,0.864,0.8755,0.87,0.862,0.8735,0.8685,0.8575,0.866
F1,S,0.8129,0.8091,0.7477,0.8128,0.7999,0.8026,0.7988,0.7666,0.7825,0.7745,0.7639,0.7786,0.7672,0.7581,0.7625
Gmean,75,0.8427,0.8416,0.8363,0.8456,0.8376,0.8479,0.8414,0.8415,0.8503,0.8467,0.841,0.8476,0.8352,0.8367,0.8343
B_Acc,C,0.8521,0.8513,0.8376,0.8542,0.8466,0.8545,0.8489,0.8439,0.8524,0.8492,0.8431,0.85,0.8394,0.8388,0.8382
Pre,S,0.9218,0.9138,0.6916,0.9073,0.8917,0.8575,0.8702,0.7431,0.7683,0.7534,0.7345,0.7645,0.7701,0.7286,0.7562
Rec,V,0.7286,0.7304,0.8196,0.7375,0.7286,0.7589,0.7429,0.7982,0.8,0.8018,0.8,0.7964,0.7732,0.7964,0.775
Spe, ,0.9757,0.9722,0.8556,0.9708,0.9646,0.95,0.9549,0.8896,0.9049,0.8965,0.8861,0.9035,0.9055,0.8813,0.9014
,Dataset,MSE,BCE,WBCE,Pure_Fbeta,Any_Fbeta,WBCEFL,SPLFL,Pure_Gmean,Any_Gmean,WBCEGL,SPLGL,Pure_BAccu,Any_BAccu,WBCEBL,SPLBL
Acc,D,0.9485,0.949,0.938,0.944,0.945,0.938,0.9395,0.944,0.9485,0.9385,0.9485,0.947,0.942,0.9385,0.945
F1,S,0.8089,0.8113,0.7963,0.8079,0.7991,0.7911,0.7937,0.8178,0.8248,0.7994,0.8301,0.8255,0.8098,0.7945,0.82
Gmean,76,0.8979,0.9,0.9316,0.9249,0.899,0.9199,0.9175,0.9497,0.939,0.9367,0.9541,0.9515,0.942,0.9252,0.9503
B_Acc,C,0.9004,0.9023,0.9318,0.9256,0.9017,0.9205,0.9181,0.9499,0.9396,0.937,0.9541,0.9516,0.9423,0.9256,0.9505
Pre,S,0.7846,0.7859,0.7013,0.7351,0.7631,0.7096,0.7188,0.7152,0.7465,0.6997,0.7309,0.7267,0.7115,0.7072,0.7179
Rec,V,0.8352,0.8391,0.9233,0.9006,0.8432,0.8968,0.889,0.9579,0.9275,0.9349,0.9617,0.9579,0.9426,0.9081,0.9579
Spe, ,0.9655,0.9655,0.9402,0.9505,0.9603,0.9442,0.9471,0.9419,0.9517,0.9391,0.9465,0.9454,0.9419,0.9431,0.9431
,Dataset,MSE,BCE,WBCE,Pure_Fbeta,Any_Fbeta,WBCEFL,SPLFL,Pure_Gmean,Any_Gmean,WBCEGL,SPLGL,Pure_BAccu,Any_BAccu,WBCEBL,SPLBL
Acc,D,0.9365,0.942,0.916,0.9355,0.9595,0.9305,0.937,0.918,0.9075,0.9015,0.9165,0.917,0.8965,0.905,0.925
F1,S,0.8596,0.8714,0.8397,0.8587,0.9122,0.855,0.8625,0.8389,0.8271,0.8148,0.8365,0.837,0.6903,0.8195,0.8488
Gmean,77,0.8881,0.8947,0.9119,0.89,0.9283,0.9017,0.8935,0.9073,0.905,0.8985,0.9064,0.9053,0.7348,0.9003,0.9073
B_Acc,C,0.8923,0.8988,0.9121,0.8938,0.9302,0.9033,0.8969,0.9077,0.9058,0.8989,0.9067,0.9056,0.8351,0.9005,0.9081
Pre,S,0.9204,0.937,0.7854,0.9103,0.9551,0.8595,0.9106,0.7956,0.7686,0.7508,0.791,0.7954,0.667,0.7592,0.8246
Rec,V,0.807,0.8153,0.9044,0.8133,0.8734,0.8506,0.8195,0.8878,0.9024,0.894,0.8878,0.8837,0.717,0.892,0.8754
Spe, ,0.9776,0.9822,0.9197,0.9743,0.9868,0.9559,0.9743,0.9276,0.9092,0.9039,0.9256,0.9276,0.9532,0.9091,0.9407
,Dataset,MSE,BCE,WBCE,Pure_Fbeta,Any_Fbeta,WBCEFL,SPLFL,Pure_Gmean,Any_Gmean,WBCEGL,SPLGL,Pure_BAccu,Any_BAccu,WBCEBL,SPLBL
Acc,D,0.8492,0.8469,0.7003,0.7857,0.6771,0.7435,0.7781,0.7169,0.7036,0.6979,0.7089,0.6799,0.7046,0.6965,0.6775
F1,S,0.1895,0.1096,0.4406,0.452,0.4189,0.4468,0.4356,0.4506,0.4474,0.4398,0.4496,0.4337,0.445,0.438,0.4328
Gmean,78,0.2996,0.1963,0.721,0.6853,0.5355,0.7098,0.6712,0.7293,0.7304,0.7234,0.7302,0.7197,0.7271,0.721,0.7205
B_Acc,C,0.5547,0.5285,0.7225,0.6979,0.6539,0.7117,0.6859,0.7298,0.732,0.7248,0.7313,0.723,0.7287,0.7227,0.724
Pre,S,0.5369,0.3429,0.3125,0.3764,0.3587,0.3378,0.3636,0.3228,0.3154,0.3093,0.3194,0.3005,0.3148,0.3086,0.2984
Rec,V,0.1286,0.06768,0.7545,0.5707,0.6201,0.6657,0.5524,0.7483,0.773,0.7637,0.7637,0.7853,0.7636,0.7607,0.7913
Spe, ,0.9809,0.9894,0.6904,0.825,0.6878,0.7577,0.8194,0.7112,0.691,0.6859,0.6988,0.6607,0.6937,0.6848,0.6567
,Dataset,MSE,BCE,WBCE,Pure_Fbeta,Any_Fbeta,WBCEFL,SPLFL,Pure_Gmean,Any_Gmean,WBCEGL,SPLGL,Pure_BAccu,Any_BAccu,WBCEBL,SPLBL
Acc,D,0.776,0.7742,0.7624,0.7488,0.7488,0.7624,0.323,0.7506,0.7533,0.7701,0.7506,0.776,0.7651,0.776,0.776
F1,S,0.5814,0.5769,0.5811,0.5844,0.5844,0.5811,0.4883,0.5969,0.5923,0.5819,0.5969,0.5814,0.5801,0.5814,0.5814
Gmean,79,0.6646,0.661,0.6698,0.6784,0.6784,0.6698,0,0.6905,0.6838,0.6675,0.6905,0.6646,0.6667,0.6646,0.6646
B_Acc,C,0.6996,0.6968,0.6972,0.6964,0.6964,0.6972,0.5,0.7036,0.7005,0.6992,0.7036,0.6996,0.6956,0.6996,0.6996
Pre,S,0.7319,0.7296,0.6861,0.6367,0.6367,0.6861,0.323,0.6272,0.6453,0.7123,0.6272,0.7319,0.7007,0.7319,0.7319
Rec,V,0.4838,0.4782,0.5132,0.5484,0.5484,0.5132,1,0.571,0.5513,0.4991,0.571,0.4838,0.4993,0.4838,0.4838
Spe, ,0.9154,0.9154,0.8812,0.8443,0.8443,0.8812,0,0.8362,0.8496,0.8993,0.8362,0.9154,0.8919,0.9154,0.9154
,Dataset,MSE,BCE,WBCE,Pure_Fbeta,Any_Fbeta,WBCEFL,SPLFL,Pure_Gmean,Any_Gmean,WBCEGL,SPLGL,Pure_BAccu,Any_BAccu,WBCEBL,SPLBL
Acc,D,0.9961,0.9948,0.9905,0.9944,0.997,0.9952,0.9957,0.9939,0.9944,0.9831,0.9935,0.9939,0.9961,0.9913,0.9939
F1,S,0.9863,0.9819,0.9678,0.9804,0.9893,0.9834,0.9849,0.9789,0.9806,0.9482,0.9775,0.979,0.9864,0.9703,0.979
Gmean,80,0.9913,0.9906,0.9893,0.9903,0.9918,0.9908,0.9911,0.9901,0.9903,0.985,0.9899,0.9901,0.9926,0.9898,0.9901
B_Acc,C,0.9914,0.9906,0.9894,0.9904,0.9919,0.9909,0.9911,0.9901,0.9904,0.9851,0.9899,0.9901,0.9927,0.9899,0.9901
Pre,S,0.9881,0.9795,0.9495,0.9765,0.994,0.9821,0.9852,0.9734,0.977,0.9176,0.9706,0.9735,0.9851,0.9541,0.9735
Rec,V,0.9848,0.9848,0.9879,0.9848,0.9848,0.9848,0.9848,0.9848,0.9848,0.9879,0.9848,0.9848,0.9879,0.9879,0.9848
Spe, ,0.998,0.9965,0.9909,0.996,0.999,0.997,0.9975,0.9954,0.996,0.9823,0.9949,0.9954,0.9975,0.9919,0.9955
,Dataset,MSE,BCE,WBCE,Pure_Fbeta,Any_Fbeta,WBCEFL,SPLFL,Pure_Gmean,Any_Gmean,WBCEGL,SPLGL,Pure_BAccu,Any_BAccu,WBCEBL,SPLBL
Acc,D,0.9855,0.9838,0.9643,0.9871,0.9842,0.983,0.9884,0.9697,0.9726,0.9534,0.9776,0.9701,0.9767,0.9688,0.9763
F1,S,0.9581,0.9536,0.9038,0.9632,0.9545,0.951,0.9662,0.9182,0.9246,0.8826,0.9377,0.9184,0.9348,0.917,0.9349
Gmean,81,0.9642,0.9622,0.9526,0.969,0.9607,0.9617,0.9669,0.9586,0.9583,0.9474,0.9623,0.955,0.958,0.956,0.9635
B_Acc,C,0.9648,0.963,0.9529,0.9695,0.9614,0.9624,0.9675,0.9589,0.9588,0.9481,0.9627,0.9555,0.9586,0.9565,0.9638
Pre,S,0.9856,0.9793,0.8758,0.986,0.9854,0.9739,1,0.8982,0.9146,0.8415,0.9384,0.9075,0.9413,0.9035,0.9272
Rec,V,0.9327,0.9304,0.935,0.942,0.9257,0.9304,0.9351,0.942,0.9373,0.9397,0.9397,0.9327,0.9304,0.9374,0.9444
Spe, ,0.9969,0.9954,0.9706,0.997,0.997,0.9944,1,0.9757,0.9802,0.9565,0.9858,0.9782,0.9869,0.9757,0.9833
,Dataset,MSE,BCE,WBCE,Pure_Fbeta,Any_Fbeta,WBCEFL,SPLFL,Pure_Gmean,Any_Gmean,WBCEGL,SPLGL,Pure_BAccu,Any_BAccu,WBCEBL,SPLBL
Acc,D,0.9938,0.9934,0.9921,0.9925,0.993,0.9938,0.9929,0.9938,0.9921,0.993,0.9934,0.993,0.993,0.9909,0.9942
F1,S,0.9877,0.9869,0.9846,0.9852,0.986,0.9878,0.9862,0.9879,0.9847,0.9863,0.9871,0.9862,0.9863,0.9822,0.9886
Gmean,83,0.9888,0.9891,0.9888,0.9864,0.9866,0.9905,0.9888,0.9921,0.9904,0.9904,0.9924,0.9905,0.991,0.9891,0.9907
B_Acc,C,0.9889,0.9892,0.9888,0.9865,0.9868,0.9905,0.9889,0.9921,0.9904,0.9905,0.9924,0.9905,0.991,0.9891,0.9908
Pre,S,0.9967,0.9935,0.9872,0.9967,0.9984,0.9919,0.9918,0.9871,0.9827,0.9874,0.984,0.987,0.9858,0.9792,0.9935
Rec,V,0.9789,0.9805,0.9822,0.974,0.974,0.9838,0.9805,0.9886,0.987,0.9854,0.9903,0.9854,0.987,0.9854,0.9838
Spe, ,0.9989,0.9978,0.9955,0.9989,0.9994,0.9972,0.9972,0.9955,0.9939,0.9955,0.9944,0.9955,0.995,0.9928,0.9978
,Dataset,MSE,BCE,WBCE,Pure_Fbeta,Any_Fbeta,WBCEFL,SPLFL,Pure_Gmean,Any_Gmean,WBCEGL,SPLGL,Pure_BAccu,Any_BAccu,WBCEBL,SPLBL
Acc,D,0.9373,0.9373,0.8299,0.9179,0.9231,0.9152,0.9222,0.8228,0.8504,0.8248,0.8177,0.8051,0.8425,0.8255,0.7975
F1,S,0.01212,0.02286,0.3937,0.4288,0.4684,0.4444,0.4505,0.3765,0.4059,0.3709,0.3622,0.3528,0.4044,0.3779,0.3555
Gmean,85,0.03536,0.04994,0.8472,0.6776,0.7151,0.7112,0.6945,0.8315,0.824,0.8207,0.8187,0.8177,0.8425,0.826,0.8352
B_Acc,C,0.5031,0.506,0.848,0.7172,0.7462,0.742,0.7312,0.8326,0.8269,0.822,0.8211,0.8202,0.8431,0.8282,0.8366
Pre,S,0.2,0.1333,0.2551,0.3892,0.4173,0.3835,0.4074,0.2431,0.2751,0.2402,0.2325,0.2246,0.2663,0.2464,0.2227
Rec,V,0.00624,0.0125,0.8687,0.4875,0.5437,0.5438,0.5125,0.8438,0.8,0.8188,0.825,0.8375,0.8437,0.8312,0.8813
Spe, ,1,0.9996,0.8273,0.9469,0.9486,0.9402,0.9499,0.8214,0.8538,0.8252,0.8172,0.8029,0.8425,0.8252,0.7919
,Dataset,MSE,BCE,WBCE,Pure_Fbeta,Any_Fbeta,WBCEFL,SPLFL,Pure_Gmean,Any_Gmean,WBCEGL,SPLGL,Pure_BAccu,Any_BAccu,WBCEBL,SPLBL
Acc,D,0.9307,0.9307,0.7757,0.8911,0.902,0.884,0.8982,0.777,0.8015,0.7857,0.785,0.7699,0.7773,0.7854,0.7673
F1,S,0,0,0.3307,0.4257,0.4413,0.4364,0.43,0.3416,0.3591,0.3438,0.3491,0.3319,0.3399,0.3458,0.3304
Gmean,86,0,0,0.7867,0.7286,0.7182,0.7627,0.7159,0.8019,0.8002,0.7962,0.8043,0.7938,0.7979,0.8004,0.7946
B_Acc,C,0.5,0.5,0.787,0.7499,0.7429,0.7741,0.7408,0.8027,0.8008,0.7966,0.8049,0.7946,0.7986,0.8008,0.7954
Pre,S,0,0,0.2085,0.3395,0.3689,0.3312,0.3531,0.2151,0.2319,0.2184,0.2215,0.208,0.2145,0.2193,0.2065
Rec,V,0,0,0.8,0.5861,0.5581,0.6465,0.5581,0.8326,0.8,0.8093,0.8279,0.8233,0.8233,0.8186,0.8279
Spe, ,1,1,0.7739,0.9138,0.9276,0.9017,0.9235,0.7729,0.8016,0.7839,0.7819,0.7659,0.7739,0.7829,0.7628
,Dataset,MSE,BCE,WBCE,Pure_Fbeta,Any_Fbeta,WBCEFL,SPLFL,Pure_Gmean,Any_Gmean,WBCEGL,SPLGL,Pure_BAccu,Any_BAccu,WBCEBL,SPLBL
Acc,D,0.9375,0.9507,0.9739,0.962,0.9768,0.9694,0.9629,0.9636,0.9604,0.9668,0.9642,0.9649,0.9594,0.9662,0.9665
F1,S,0.3626,0.5927,0.8648,0.7252,0.849,0.7944,0.7384,0.82,0.808,0.8326,0.8229,0.8251,0.8046,0.8279,0.8328
Gmean,87,0.4034,0.6571,0.9749,0.7784,0.884,0.8421,0.7895,0.9782,0.9712,0.9765,0.975,0.9771,0.9723,0.9602,0.9781
B_Acc,C,0.6361,0.7158,0.9752,0.8031,0.8904,0.8544,0.8105,0.9784,0.9714,0.9765,0.9751,0.9773,0.9725,0.9604,0.9782
Pre,S,0.554,0.9437,0.7818,0.9006,0.9248,0.9053,0.9018,0.697,0.6883,0.72,0.7067,0.7072,0.6818,0.7361,0.7192
Rec,V,0.2746,0.4342,0.9766,0.6125,0.7867,0.7166,0.6278,0.9961,0.9846,0.9882,0.9882,0.9922,0.9883,0.9534,0.9922
Spe, ,0.9975,0.9975,0.9737,0.9937,0.994,0.9923,0.9933,0.9606,0.9582,0.9649,0.962,0.9624,0.9568,0.9673,0.9641
,Dataset,MSE,BCE,WBCE,Pure_Fbeta,Any_Fbeta,WBCEFL,SPLFL,Pure_Gmean,Any_Gmean,WBCEGL,SPLGL,Pure_BAccu,Any_BAccu,WBCEBL,SPLBL
Acc,D,0.9743,0.9726,0.9356,0.9684,0.9734,0.9664,0.9711,0.9583,0.9687,0.9415,0.9457,0.9489,0.9721,0.9299,0.9444
F1,S,0.9483,0.9454,0.8806,0.9372,0.9441,0.9335,0.9422,0.919,0.9378,0.89,0.8982,0.9029,0.944,0.8711,0.8946
Gmean,88,0.9757,0.9749,0.9514,0.9725,0.9624,0.9712,0.9739,0.9657,0.9726,0.9554,0.9575,0.9601,0.9749,0.9479,0.9571
B_Acc,C,0.9757,0.9749,0.952,0.9725,0.9634,0.9712,0.974,0.9659,0.9727,0.9559,0.9579,0.9604,0.975,0.9486,0.9575
Pre,S,0.9205,0.9151,0.7986,0.898,0.9499,0.8915,0.9084,0.866,0.8992,0.8135,0.8304,0.8364,0.9103,0.7815,0.8215
Rec,V,0.9784,0.9794,0.9835,0.9804,0.9443,0.9804,0.9794,0.9804,0.9804,0.9835,0.9815,0.9825,0.9804,0.9846,0.9825
Spe, ,0.9731,0.9705,0.9205,0.9646,0.9825,0.962,0.9685,0.9513,0.965,0.9283,0.9344,0.9383,0.9695,0.9127,0.9325
,Dataset,MSE,BCE,WBCE,Pure_Fbeta,Any_Fbeta,WBCEFL,SPLFL,Pure_Gmean,Any_Gmean,WBCEGL,SPLGL,Pure_BAccu,Any_BAccu,WBCEBL,SPLBL
Acc,D,0.8169,0.8109,0.7664,0.7676,0.7809,0.7803,0.7313,0.7573,0.7452,0.7696,0.757,0.7577,0.7633,0.7675,0.7586
F1,S,0.5745,0.5551,0.6179,0.6083,0.6133,0.6197,0.5871,0.6104,0.5978,0.6168,0.6094,0.6083,0.6168,0.6169,0.6096
Gmean,89,0.6777,0.6616,0.7645,0.7529,0.752,0.7599,0.7406,0.7603,0.7504,0.7619,0.7592,0.7579,0.7641,0.763,0.7587
B_Acc,C,0.7103,0.6987,0.7646,0.7539,0.754,0.7612,0.7428,0.7603,0.7508,0.7622,0.7593,0.7579,0.7644,0.7633,0.7588
Pre,S,0.68,0.6736,0.5204,0.5245,0.5456,0.5424,0.48,0.5074,0.4926,0.5255,0.5072,0.508,0.5168,0.5221,0.5096
Rec,V,0.4987,0.4761,0.761,0.7268,0.7006,0.7232,0.7656,0.7665,0.762,0.7475,0.7638,0.7584,0.7665,0.7547,0.7593
Spe, ,0.9218,0.9212,0.7682,0.781,0.8074,0.7991,0.72,0.7542,0.7397,0.7768,0.7548,0.7575,0.7622,0.7718,0.7584
,Dataset,MSE,BCE,WBCE,Pure_Fbeta,Any_Fbeta,WBCEFL,SPLFL,Pure_Gmean,Any_Gmean,WBCEGL,SPLGL,Pure_BAccu,Any_BAccu,WBCEBL,SPLBL
Acc,D,0.8859,0.8857,0.7825,0.8467,0.8538,0.8374,0.8445,0.7653,0.7784,0.7755,0.766,0.7536,0.7562,0.7742,0.7616
F1,S,0.1777,0.1898,0.4585,0.4723,0.4692,0.4806,0.4633,0.4463,0.4555,0.457,0.4453,0.4359,0.4406,0.4535,0.4472
Gmean,90,0.2687,0.2826,0.7894,0.7235,0.7066,0.7496,0.7154,0.7883,0.7894,0.7941,0.7862,0.7837,0.7875,0.7907,0.7924
B_Acc,C,0.5557,0.5605,0.7895,0.7381,0.7263,0.7571,0.731,0.7889,0.7896,0.7947,0.7868,0.7848,0.7888,0.7914,0.7935
Pre,S,0.3075,0.3065,0.3217,0.3917,0.4041,0.3804,0.3845,0.3067,0.3177,0.3169,0.3067,0.2963,0.2999,0.3144,0.3055
Rec,V,0.1267,0.1381,0.7985,0.597,0.5605,0.6526,0.5835,0.8196,0.8043,0.8196,0.8138,0.8253,0.8311,0.8139,0.835
Spe, ,0.9848,0.983,0.7805,0.8792,0.892,0.8615,0.8785,0.7582,0.775,0.7697,0.7598,0.7443,0.7465,0.769,0.752
,Dataset,MSE,BCE,WBCE,Pure_Fbeta,Any_Fbeta,WBCEFL,SPLFL,Pure_Gmean,Any_Gmean,WBCEGL,SPLGL,Pure_BAccu,Any_BAccu,WBCEBL,SPLBL
Acc,D,0.8514,0.8494,0.8385,0.8516,0.8507,0.8476,0.8518,0.8522,0.8485,0.8453,0.8496,0.8529,0.8474,0.8466,0.8511
F1,S,0.8001,0.7976,0.8026,0.8057,0.8086,0.8054,0.8068,0.8087,0.8087,0.8057,0.8062,0.8085,0.805,0.808,0.805
Gmean,91,0.8304,0.8286,0.8365,0.8371,0.8407,0.8379,0.8382,0.8403,0.8416,0.8389,0.8384,0.8397,0.8377,0.8408,0.8365
B_Acc,C,0.8344,0.8326,0.8371,0.8392,0.8418,0.8392,0.8402,0.8418,0.8422,0.8396,0.8398,0.8416,0.8389,0.8415,0.8387
Pre,S,0.8526,0.8486,0.7788,0.8325,0.8179,0.8131,0.8303,0.8257,0.8052,0.8002,0.8196,0.8311,0.8124,0.8002,0.8325
Rec,V,0.7546,0.7535,0.8307,0.781,0.7998,0.7992,0.7854,0.7926,0.8125,0.813,0.7937,0.7882,0.7987,0.818,0.7799
Spe, ,0.9143,0.9118,0.8436,0.8974,0.8838,0.8791,0.8949,0.891,0.872,0.8662,0.8859,0.8949,0.8791,0.8652,0.8974
,Dataset,MSE,BCE,WBCE,Pure_Fbeta,Any_Fbeta,WBCEFL,SPLFL,Pure_Gmean,Any_Gmean,WBCEGL,SPLGL,Pure_BAccu,Any_BAccu,WBCEBL,SPLBL
Acc,D,0.9998,1,0.9949,1,1,1,1,1,1,1,1,1,1,0.9992,1
F1,S,0.9994,1,0.9858,1,1,1,1,1,1,1,1,1,1,0.9976,1
Gmean,92,0.9999,1,0.9969,1,1,1,1,1,1,1,1,1,1,0.9995,1
B_Acc,C,0.9999,1,0.9969,1,1,1,1,1,1,1,1,1,1,0.9995,1
Pre,S,0.9988,1,0.9734,1,1,1,1,1,1,1,1,1,1,0.9952,1
Rec,V,1,1,1,1,1,1,1,1,1,1,1,1,1,1,1
Spe, ,0.9998,1,0.9938,1,1,1,1,1,1,1,1,1,1,0.999,1
,Dataset,MSE,BCE,WBCE,Pure_Fbeta,Any_Fbeta,WBCEFL,SPLFL,Pure_Gmean,Any_Gmean,WBCEGL,SPLGL,Pure_BAccu,Any_BAccu,WBCEBL,SPLBL
Acc,D,0.8938,0.8906,0.892,0.8464,0.8726,0.8662,0.8448,0.8446,0.8768,0.8848,0.8434,0.8426,0.8566,0.888,0.8426
F1,S,0.8399,0.8355,0.847,0.8045,0.8295,0.8208,0.8034,0.8039,0.8336,0.8418,0.8029,0.8037,0.815,0.8439,0.8036
Gmean,93,0.8747,0.8719,0.8897,0.8652,0.8802,0.8749,0.8643,0.865,0.8845,0.8896,0.8643,0.8653,0.8723,0.8896,0.8653
B_Acc,C,0.8764,0.8736,0.8898,0.8677,0.8815,0.8756,0.8671,0.8681,0.885,0.8899,0.8675,0.8692,0.8746,0.8897,0.8692
Pre,S,0.8585,0.8512,0.8142,0.7068,0.7664,0.752,0.7038,0.702,0.7694,0.7867,0.6996,0.6957,0.7269,0.7986,0.6956
Rec,V,0.8227,0.8209,0.883,0.9338,0.909,0.9048,0.9362,0.9409,0.9102,0.9055,0.9421,0.9515,0.9303,0.8948,0.9515
Spe, ,0.9302,0.9262,0.8966,0.8017,0.854,0.8464,0.7981,0.7953,0.8597,0.8742,0.7929,0.7869,0.8189,0.8845,0.7869
,Dataset,MSE,BCE,WBCE,Pure_Fbeta,Any_Fbeta,WBCEFL,SPLFL,Pure_Gmean,Any_Gmean,WBCEGL,SPLGL,Pure_BAccu,Any_BAccu,WBCEBL,SPLBL
Acc,D,0.8906,0.8676,0.7946,0.8656,0.8712,0.8196,0.863,0.7622,0.7682,0.7714,0.7618,0.757,0.8068,0.812,0.7586
F1,S,0.4712,0.2714,0.5411,0.5838,0.5817,0.5371,0.579,0.485,0.4875,0.4997,0.4837,0.4812,0.5496,0.5636,0.4845
Gmean,94,0.5805,0.384,0.8098,0.7644,0.7543,0.779,0.7639,0.7741,0.7726,0.7853,0.7727,0.7728,0.8085,0.8218,0.7759
B_Acc,C,0.6628,0.5857,0.8107,0.7771,0.7691,0.7815,0.7761,0.7747,0.7729,0.7859,0.7733,0.7734,0.809,0.822,0.7768
Pre,S,0.7454,0.4839,0.4041,0.543,0.5542,0.429,0.534,0.3499,0.355,0.3625,0.3491,0.3452,0.4187,0.4275,0.3474
Rec,V,0.3452,0.1925,0.8331,0.6536,0.6267,0.7284,0.655,0.7921,0.7794,0.8062,0.7893,0.7964,0.8119,0.8359,0.802
Spe, ,0.9804,0.9788,0.7882,0.9005,0.9115,0.8346,0.8973,0.7573,0.7664,0.7657,0.7573,0.7505,0.806,0.8081,0.7515
,Dataset,MSE,BCE,WBCE,Pure_Fbeta,Any_Fbeta,WBCEFL,SPLFL,Pure_Gmean,Any_Gmean,WBCEGL,SPLGL,Pure_BAccu,Any_BAccu,WBCEBL,SPLBL
Acc,D,0.7848,0.7804,0.7646,0.7741,0.7793,0.7613,0.7742,0.7705,0.7707,0.7619,0.7683,0.7715,0.78,0.7596,0.7695
F1,S,0.6288,0.6264,0.6564,0.6632,0.6698,0.6535,0.6632,0.662,0.6655,0.6542,0.6607,0.6627,0.6794,0.6514,0.6611
Gmean,95,0.7279,0.7276,0.7649,0.7692,0.7744,0.7629,0.7692,0.7691,0.7724,0.7632,0.7684,0.7695,0.7841,0.7607,0.7685
B_Acc,C,0.7373,0.7363,0.7652,0.7695,0.7746,0.7631,0.7694,0.7692,0.7725,0.7638,0.7686,0.7697,0.7844,0.7613,0.7686
Pre,S,0.6366,0.6261,0.5742,0.5895,0.5968,0.5693,0.5898,0.583,0.5822,0.5704,0.5793,0.5844,0.5933,0.5681,0.5812
Rec,V,0.6223,0.6298,0.7667,0.7585,0.7635,0.7673,0.7578,0.7661,0.7768,0.7686,0.7692,0.7654,0.7951,0.7654,0.7667
Spe, ,0.8523,0.8428,0.7637,0.7805,0.7858,0.7588,0.781,0.7724,0.7682,0.759,0.7679,0.774,0.7737,0.7572,0.7706
,Dataset,MSE,BCE,WBCE,Pure_Fbeta,Any_Fbeta,WBCEFL,SPLFL,Pure_Gmean,Any_Gmean,WBCEGL,SPLGL,Pure_BAccu,Any_BAccu,WBCEBL,SPLBL
Acc,D,0.9574,0.9532,0.9189,0.9516,0.9573,0.9496,0.953,0.9205,0.9108,0.9149,0.9158,0.9134,0.9183,0.9252,0.9159
F1,S,0.7563,0.7321,0.6974,0.7454,0.7778,0.7531,0.7478,0.6945,0.678,0.6854,0.6837,0.6813,0.6954,0.7084,0.6862
Gmean,96,0.8009,0.7867,0.9152,0.8244,0.8473,0.8548,0.8181,0.9032,0.9106,0.9097,0.9039,0.9081,0.9142,0.9069,0.9064
B_Acc,C,0.8197,0.8078,0.9153,0.837,0.8567,0.8619,0.8322,0.9035,0.9108,0.9099,0.904,0.9082,0.9142,0.9077,0.9065
Pre,S,0.9116,0.8846,0.5659,0.8071,0.8326,0.7554,0.8317,0.5732,0.5419,0.5529,0.5555,0.5483,0.5635,0.5927,0.5571
Rec,V,0.6464,0.625,0.9107,0.6929,0.7303,0.7518,0.6804,0.8821,0.9107,0.9036,0.8893,0.9018,0.9089,0.8857,0.8946
Spe, ,0.9929,0.9906,0.9198,0.9811,0.9831,0.9721,0.9841,0.9249,0.9109,0.9162,0.9188,0.9147,0.9194,0.9298,0.9184
,Dataset,MSE,BCE,WBCE,Pure_Fbeta,Any_Fbeta,WBCEFL,SPLFL,Pure_Gmean,Any_Gmean,WBCEGL,SPLGL,Pure_BAccu,Any_BAccu,WBCEBL,SPLBL
Acc,D,0.9884,0.9893,0.9772,0.989,0.9899,0.9877,0.9895,0.9749,0.9851,0.9737,0.9762,0.9753,0.9879,0.9765,0.9763
F1,S,0.9431,0.9473,0.8973,0.9452,0.9499,0.9393,0.9477,0.8878,0.9303,0.8833,0.893,0.8893,0.9429,0.8948,0.8935
Gmean,97,0.9668,0.9665,0.9756,0.9638,0.9691,0.9624,0.9649,0.9736,0.9816,0.9752,0.9751,0.9746,0.9823,0.9768,0.9752
B_Acc,C,0.9672,0.9669,0.9757,0.9644,0.9695,0.9629,0.9654,0.9736,0.9816,0.9753,0.9751,0.9746,0.9824,0.9768,0.9752
Pre,S,0.9462,0.9564,0.8327,0.9578,0.9561,0.9474,0.9608,0.8177,0.888,0.8062,0.8251,0.8187,0.9133,0.8258,0.8258
Rec,V,0.9405,0.9388,0.9737,0.9335,0.944,0.9318,0.9353,0.972,0.9773,0.9772,0.9738,0.9738,0.9755,0.9772,0.9737
Spe, ,0.9939,0.995,0.9776,0.9952,0.995,0.994,0.9956,0.9752,0.9859,0.9732,0.9764,0.9754,0.9893,0.9764,0.9766
,Dataset,MSE,BCE,WBCE,Pure_Fbeta,Any_Fbeta,WBCEFL,SPLFL,Pure_Gmean,Any_Gmean,WBCEGL,SPLGL,Pure_BAccu,Any_BAccu,WBCEBL,SPLBL
Acc,D,1,0.9992,1,1,1,1,0.9988,1,0.9985,1,1,1,0.9911,1,1
F1,S,1,0.9975,1,1,1,1,0.9962,1,0.9952,1,1,1,0.9746,1,1
Gmean,98,1,0.9975,1,1,1,1,0.9993,1,0.9991,1,1,1,0.9946,1,1
B_Acc,C,1,0.9975,1,1,1,1,0.9993,1,0.9991,1,1,1,0.9947,1,1
Pre,S,1,1,1,1,1,1,0.9925,1,0.9907,1,1,1,0.955,1,1
Rec,V,1,0.9951,1,1,1,1,1,1,1,1,1,1,1,1,1
Spe, ,1,1,1,1,1,1,0.9986,1,0.9982,1,1,1,0.9894,1,1
,Dataset,MSE,BCE,WBCE,Pure_Fbeta,Any_Fbeta,WBCEFL,SPLFL,Pure_Gmean,Any_Gmean,WBCEGL,SPLGL,Pure_BAccu,Any_BAccu,WBCEBL,SPLBL
Acc,D,0.9832,0.9873,1,1,1,1,1,1,1,1,0.9994,1,1,1,1
F1,S,0.9571,0.9541,1,1,1,1,1,1,1,1,0.9981,1,1,1,1
Gmean,99,0.9894,0.9568,1,1,1,1,1,1,1,1,0.9996,1,1,1,1
B_Acc,C,0.9897,0.9591,1,1,1,1,1,1,1,1,0.9996,1,1,1,1
Pre,S,0.9297,0.9988,1,1,1,1,1,1,1,1,0.9962,1,1,1,1
Rec,V,0.999,0.9184,1,1,1,1,1,1,1,1,1,1,1,1,1
Spe, ,0.9803,0.9998,1,1,1,1,1,1,1,1,0.9993,1,1,1,1
,Dataset,MSE,BCE,WBCE,Pure_Fbeta,Any_Fbeta,WBCEFL,SPLFL,Pure_Gmean,Any_Gmean,WBCEGL,SPLGL,Pure_BAccu,Any_BAccu,WBCEBL,SPLBL
Acc,D,0.8895,0.8895,0.5719,0.6492,0.6529,0.6446,0.6422,0.6171,0.6278,0.6088,0.615,0.5402,0.5267,0.5656,0.5358
F1,S,0,0,0.3129,0.3097,0.3087,0.3141,0.316,0.3122,0.3183,0.3126,0.3122,0.3036,0.3027,0.3093,0.3051
Gmean,100,0,0,0.6846,0.6754,0.6708,0.6824,0.6857,0.6842,0.6912,0.6847,0.6844,0.6692,0.6652,0.68,0.6696
B_Acc,C,0.5,0.5,0.707,0.6777,0.6752,0.6847,0.689,0.6912,0.6973,0.6945,0.6918,0.701,0.7035,0.7028,0.7047
Pre,S,0,0,0.1904,0.1979,0.1985,0.1997,0.2003,0.1948,0.1995,0.1942,0.1946,0.1824,0.1808,0.1877,0.183
Rec,V,0,0,0.8804,0.7142,0.704,0.7361,0.749,0.7864,0.7864,0.8045,0.7903,0.9073,0.9304,0.879,0.9215
Spe, ,1,1,0.5336,0.6411,0.6465,0.6333,0.6289,0.596,0.6081,0.5845,0.5933,0.4946,0.4766,0.5266,0.4879
,Dataset,MSE,BCE,WBCE,Pure_Fbeta,Any_Fbeta,WBCEFL,SPLFL,Pure_Gmean,Any_Gmean,WBCEGL,SPLGL,Pure_BAccu,Any_BAccu,WBCEBL,SPLBL
Acc,D,0.9315,0.9315,0.6742,0.8345,0.8536,0.8016,0.8316,0.6634,0.6841,0.6839,0.6616,0.6324,0.6316,0.6941,0.6151
F1,S,0,0,0.2401,0.2469,0.2319,0.2578,0.2454,0.2207,0.2374,0.2294,0.2224,0.2204,0.2225,0.2458,0.2153
Gmean,101,0,0,0.7066,0.5856,0.5364,0.6416,0.5798,0.6759,0.6991,0.6844,0.6807,0.6869,0.6873,0.7092,0.6813
B_Acc,C,0.5,0.5,0.7089,0.6338,0.6118,0.6646,0.6279,0.6776,0.6998,0.6852,0.6818,0.6915,0.6919,0.7103,0.6865
Pre,S,0,0,0.1431,0.1794,0.1806,0.174,0.1811,0.1315,0.1423,0.1377,0.1321,0.1289,0.1305,0.1479,0.1252
Rec,V,0,0,0.7492,0.4012,0.3316,0.5057,0.3919,0.6942,0.718,0.6868,0.7052,0.76,0.7619,0.7291,0.7692
Spe, ,1,1,0.6686,0.8664,0.892,0.8234,0.8639,0.6611,0.6816,0.6838,0.6584,0.623,0.622,0.6915,0.6037
,Dataset,MSE,BCE,WBCE,Pure_Fbeta,Any_Fbeta,WBCEFL,SPLFL,Pure_Gmean,Any_Gmean,WBCEGL,SPLGL,Pure_BAccu,Any_BAccu,WBCEBL,SPLBL
Acc,D,0.9182,0.9174,0.9001,0.9105,0.9143,0.9098,0.9121,0.8989,0.8998,0.9003,0.8993,0.9009,0.8999,0.8971,0.8994
F1,S,0.8593,0.8589,0.8469,0.8508,0.8575,0.8541,0.8536,0.8445,0.8457,0.8465,0.8454,0.8471,0.8453,0.8424,0.8449
Gmean,102,0.8898,0.8913,0.9042,0.8904,0.8958,0.8991,0.8925,0.9015,0.9021,0.9029,0.9025,0.9029,0.9013,0.9006,0.9013
B_Acc,C,0.8923,0.8934,0.9043,0.8917,0.897,0.8996,0.8938,0.9016,0.9022,0.903,0.9026,0.9029,0.9014,0.9006,0.9014
Pre,S,0.8949,0.887,0.7883,0.8579,0.8621,0.8357,0.8601,0.7891,0.7912,0.7914,0.7889,0.7939,0.7931,0.7846,0.7914
Rec,V,0.8268,0.8328,0.9152,0.8442,0.853,0.8736,0.8474,0.9084,0.9084,0.91,0.9108,0.908,0.9051,0.9096,0.9063
Spe, ,0.9579,0.954,0.8934,0.9393,0.9409,0.9255,0.9402,0.8948,0.8961,0.8961,0.8943,0.8978,0.8976,0.8917,0.8964
,Dataset,MSE,BCE,WBCE,Pure_Fbeta,Any_Fbeta,WBCEFL,SPLFL,Pure_Gmean,Any_Gmean,WBCEGL,SPLGL,Pure_BAccu,Any_BAccu,WBCEBL,SPLBL
Acc,D,0.9308,0.9308,0.9209,0.9289,0.9274,0.9292,0.9291,0.9183,0.9193,0.9197,0.9171,0.9204,0.919,0.9185,0.921
F1,S,0.8822,0.8833,0.8754,0.8817,0.8798,0.8843,0.8819,0.8716,0.8725,0.8741,0.8702,0.8741,0.8721,0.8732,0.8747
Gmean,103,0.9085,0.9112,0.9202,0.913,0.9128,0.9192,0.9131,0.9177,0.9174,0.9203,0.9174,0.9183,0.9172,0.9211,0.9181
B_Acc,C,0.91,0.9124,0.9202,0.9138,0.9135,0.9195,0.9139,0.9177,0.9175,0.9203,0.9174,0.9184,0.9172,0.9211,0.9181
Pre,S,0.9085,0.9015,0.8362,0.8879,0.8811,0.874,0.8884,0.8314,0.8357,0.831,0.8273,0.8381,0.835,0.8248,0.8415
Rec,V,0.8575,0.866,0.9184,0.8756,0.8785,0.8951,0.8757,0.916,0.9128,0.9221,0.9181,0.9132,0.9128,0.9277,0.9108
Spe, ,0.9625,0.9589,0.922,0.9521,0.9486,0.944,0.9522,0.9194,0.9221,0.9187,0.9167,0.9235,0.9216,0.9144,0.9255
,Dataset,MSE,BCE,WBCE,Pure_Fbeta,Any_Fbeta,WBCEFL,SPLFL,Pure_Gmean,Any_Gmean,WBCEGL,SPLGL,Pure_BAccu,Any_BAccu,WBCEBL,SPLBL
Acc,D,0.821,0.8187,0.7986,0.8028,0.8024,0.7987,0.8021,0.7928,0.7926,0.797,0.793,0.7881,0.7877,0.7932,0.7922
F1,S,0.6974,0.6924,0.7183,0.7128,0.7107,0.7138,0.7133,0.7123,0.7123,0.7155,0.7138,0.7101,0.7091,0.7112,0.7149
Gmean,104,0.7693,0.7652,0.8061,0.7986,0.7966,0.8014,0.7995,0.8015,0.8015,0.8038,0.803,0.8004,0.7996,0.8003,0.8043
B_Acc,C,0.7778,0.7743,0.8065,0.7989,0.7971,0.8016,0.7998,0.802,0.8022,0.8041,0.8037,0.8013,0.8007,0.8009,0.8052
Pre,S,0.7356,0.7328,0.6348,0.6508,0.6511,0.6389,0.6482,0.6262,0.6259,0.6332,0.6253,0.6174,0.6169,0.6278,0.6227
Rec,V,0.6638,0.6571,0.8274,0.7888,0.7833,0.8093,0.7935,0.8262,0.8274,0.8226,0.8321,0.836,0.8348,0.8211,0.8395
Spe, ,0.8918,0.8915,0.7856,0.809,0.8109,0.7939,0.806,0.7778,0.777,0.7855,0.7754,0.7665,0.7665,0.7807,0.7709
,Dataset,MSE,BCE,WBCE,Pure_Fbeta,Any_Fbeta,WBCEFL,SPLFL,Pure_Gmean,Any_Gmean,WBCEGL,SPLGL,Pure_BAccu,Any_BAccu,WBCEBL,SPLBL
Acc,D,0.9718,0.9765,0.9592,0.9668,0.9795,0.9671,0.9618,0.9394,0.9673,0.9457,0.94,0.9393,0.9683,0.9545,0.936
F1,S,0.912,0.9273,0.8865,0.8967,0.9362,0.8998,0.8842,0.8393,0.9071,0.8528,0.8402,0.8386,0.9102,0.8743,0.8321
Gmean,105,0.943,0.9546,0.9668,0.9348,0.9572,0.9445,0.9351,0.9536,0.9712,0.9555,0.9532,0.9523,0.9738,0.9623,0.9511
B_Acc,C,0.9439,0.9553,0.967,0.9359,0.9578,0.9451,0.936,0.9538,0.9712,0.9556,0.9535,0.9525,0.9738,0.9624,0.9514
Pre,S,0.9219,0.9316,0.8114,0.9036,0.9472,0.8876,0.8725,0.737,0.8471,0.7608,0.7393,0.7377,0.8491,0.7934,0.7269
Rec,V,0.9027,0.9238,0.9783,0.8903,0.9257,0.9126,0.8978,0.9752,0.9771,0.9702,0.9733,0.9721,0.982,0.974,0.974
Spe, ,0.9851,0.9867,0.9556,0.9815,0.9899,0.9776,0.9741,0.9324,0.9654,0.9409,0.9335,0.9329,0.9656,0.9508,0.9287
