,Dataset,MSE,BCE,WBCE,Any_Fbeta,WBCEFL,Any_Gmean,WBCEGL,Any_BAccu,WBCEBL
Acc,D,0.688,0.684,0.656,0.628,0.668,0.684,0.684,0.692,0.672
F1,S,0.6108,0.595,0.6257,0.6625,0.6667,0.6404,0.6467,0.6601,0.6349
Gmean,1,0.6771,0.6691,0.6669,0.5757,0.6908,0.6922,0.6939,0.7023,0.6834
B_Acc,C,0.6906,0.6778,0.6899,0.7021,0.7212,0.7094,0.7142,0.7254,0.7
Pre,S,0.5594,0.5572,0.5242,0.512,0.5304,0.545,0.5476,0.5573,0.5383
Rec,V,0.7,0.6556,0.8111,0.9667,0.9111,0.8,0.8222,0.8444,0.8
Spe, ,0.6813,0.7,0.5688,0.4375,0.5313,0.6188,0.6063,0.6063,0.6
,Dataset,MSE,BCE,WBCE,Any_Fbeta,WBCEFL,Any_Gmean,WBCEGL,Any_BAccu,WBCEBL
Acc,D,0.816,0.82,0.784,0.804,0.784,0.792,0.788,0.8,0.804
F1,S,0.742,0.7555,0.7191,0.7439,0.7257,0.7338,0.7266,0.7343,0.741
Gmean,2,0.7843,0.7958,0.7682,0.7887,0.7733,0.7815,0.7746,0.78,0.7872
B_Acc,C,0.792,0.801,0.7715,0.7914,0.7754,0.7834,0.7768,0.784,0.7898
Pre,S,0.8118,0.804,0.7256,0.7534,0.7178,0.7224,0.7283,0.7561,0.7555
Rec,V,0.6874,0.7184,0.7184,0.7389,0.7395,0.7489,0.7289,0.7179,0.7289
Spe, ,0.8966,0.8837,0.8245,0.8439,0.8114,0.8179,0.8247,0.8501,0.8508
,Dataset,MSE,BCE,WBCE,Any_Fbeta,WBCEFL,Any_Gmean,WBCEGL,Any_BAccu,WBCEBL
Acc,D,0.7516,0.7451,0.6995,0.4016,0.5261,0.6862,0.6962,0.7222,0.6993
F1,S,0.3249,0.3214,0.5027,0.4473,0.4818,0.5036,0.4857,0.4974,0.4834
Gmean,3,0.461,0.4585,0.6533,0.311,0.5054,0.6512,0.6357,0.6414,0.6348
B_Acc,C,0.5869,0.5869,0.6623,0.5619,0.6181,0.6604,0.648,0.6621,0.6502
Pre,S,0.6424,0.62,0.4467,0.3043,0.3489,0.4451,0.4469,0.4832,0.4443
Rec,V,0.236,0.2493,0.5824,0.9015,0.814,0.6051,0.5449,0.5331,0.5449
Spe, ,0.9378,0.9244,0.7422,0.2222,0.4222,0.7156,0.7511,0.7911,0.7556
,Dataset,MSE,BCE,WBCE,Any_Fbeta,WBCEFL,Any_Gmean,WBCEGL,Any_BAccu,WBCEBL
Acc,D,0.8484,0.8645,0.8355,0.8,0.8226,0.8258,0.8355,0.8355,0.8226
F1,S,0.7576,0.778,0.7767,0.7559,0.768,0.7658,0.7789,0.7821,0.7652
Gmean,4,0.8102,0.8243,0.8459,0.8307,0.8425,0.8388,0.8484,0.8469,0.8383
B_Acc,C,0.8174,0.8319,0.8472,0.8393,0.8455,0.84,0.8498,0.8498,0.8403
Pre,S,0.805,0.8368,0.6975,0.6301,0.6655,0.6787,0.6944,0.7055,0.6731
Rec,V,0.73,0.74,0.88,0.95,0.91,0.88,0.89,0.89,0.89
Spe, ,0.9048,0.9238,0.8143,0.7286,0.7809,0.8,0.8095,0.8095,0.7905
,Dataset,MSE,BCE,WBCE,Any_Fbeta,WBCEFL,Any_Gmean,WBCEGL,Any_BAccu,WBCEBL
Acc,D,0.6625,0.6625,0.5344,0.3781,0.4781,0.525,0.5375,0.5438,0.5187
F1,S,0.3106,0.3112,0.4623,0.5121,0.5341,0.4268,0.4621,0.5021,0.4358
Gmean,5,0.4421,0.4413,0.5388,0.1708,0.4863,0.5204,0.5383,0.5632,0.5207
B_Acc,C,0.5538,0.5538,0.5569,0.526,0.5834,0.5291,0.5605,0.5782,0.5343
Pre,S,0.5619,0.5599,0.371,0.3483,0.3807,0.3543,0.3731,0.4004,0.3522
Rec,V,0.2251,0.2251,0.626,0.9723,0.8991,0.5424,0.6281,0.6831,0.5805
Spe, ,0.8824,0.8826,0.4878,0.07974,0.2677,0.5158,0.4928,0.4732,0.488
,Dataset,MSE,BCE,WBCE,Any_Fbeta,WBCEFL,Any_Gmean,WBCEGL,Any_BAccu,WBCEBL
Acc,D,0.8594,0.8624,0.6516,0.5814,0.6333,0.6731,0.6179,0.6483,0.6241
F1,S,0.07302,0.03334,0.362,0.3283,0.3326,0.3694,0.3122,0.3534,0.3382
Gmean,6,0.135,0.06882,0.6939,0.6474,0.6564,0.6942,0.6292,0.6809,0.6672
B_Acc,C,0.5131,0.5055,0.7009,0.6605,0.6595,0.7038,0.64,0.6898,0.6757
Pre,S,0.24,0.05,0.2379,0.2104,0.2194,0.2489,0.2053,0.234,0.2196
Rec,V,0.04722,0.025,0.7667,0.7667,0.6944,0.7444,0.6694,0.7444,0.7444
Spe, ,0.9789,0.986,0.6351,0.5544,0.6246,0.6631,0.6105,0.6351,0.607
,Dataset,MSE,BCE,WBCE,Any_Fbeta,WBCEFL,Any_Gmean,WBCEGL,Any_BAccu,WBCEBL
Acc,D,0.5947,0.5978,0.5824,0.4089,0.4725,0.5337,0.5336,0.5399,0.5185
F1,S,0.2785,0.2859,0.454,0.4351,0.4169,0.4005,0.4108,0.3925,0.3897
Gmean,7,0.4279,0.4275,0.5707,0.3682,0.4937,0.5212,0.5278,0.5165,0.5094
B_Acc,C,0.5037,0.5096,0.5755,0.4997,0.5125,0.5282,0.5318,0.5273,0.5136
Pre,S,0.3218,0.317,0.3873,0.3106,0.3167,0.3298,0.3378,0.3298,0.3206
Rec,V,0.2638,0.2752,0.5581,0.7429,0.6176,0.5124,0.5281,0.4924,0.5005
Spe, ,0.7436,0.744,0.5929,0.2566,0.4073,0.5441,0.5356,0.5622,0.5268
,Dataset,MSE,BCE,WBCE,Any_Fbeta,WBCEFL,Any_Gmean,WBCEGL,Any_BAccu,WBCEBL
Acc,D,0.8836,0.8895,0.8209,0.8537,0.8507,0.8239,0.8269,0.8418,0.8358
F1,S,0.6076,0.6271,0.6166,0.6594,0.6559,0.6191,0.6216,0.641,0.6354
Gmean,8,0.7658,0.7786,0.873,0.8941,0.8923,0.8755,0.8774,0.8869,0.8832
B_Acc,C,0.7871,0.7977,0.8775,0.8967,0.895,0.8793,0.8811,0.8898,0.8863
Pre,S,0.594,0.609,0.459,0.5048,0.5018,0.4605,0.4626,0.4833,0.4786
Rec,V,0.6511,0.6689,0.9578,0.9578,0.9578,0.9578,0.9578,0.9578,0.9578
Spe, ,0.9232,0.9266,0.7973,0.8356,0.8323,0.8009,0.8043,0.8218,0.8149
,Dataset,MSE,BCE,WBCE,Any_Fbeta,WBCEFL,Any_Gmean,WBCEGL,Any_BAccu,WBCEBL
Acc,D,0.8184,0.8331,0.765,0.7561,0.7679,0.7709,0.7767,0.7976,0.7976
F1,S,0.5703,0.6006,0.5801,0.5587,0.5643,0.5722,0.6005,0.6177,0.6095
Gmean,9,0.6762,0.6959,0.726,0.7009,0.7059,0.7111,0.7424,0.7458,0.7398
B_Acc,C,0.7147,0.7319,0.7365,0.7144,0.7223,0.7242,0.7482,0.7542,0.7496
Pre,S,0.6839,0.7139,0.5143,0.5229,0.5313,0.5381,0.5353,0.5774,0.5746
Rec,V,0.5118,0.5346,0.6816,0.6331,0.6331,0.6331,0.6934,0.6698,0.6566
Spe, ,0.9176,0.9293,0.7915,0.7957,0.8114,0.8154,0.8031,0.8385,0.8426
,Dataset,MSE,BCE,WBCE,Any_Fbeta,WBCEFL,Any_Gmean,WBCEGL,Any_BAccu,WBCEBL
Acc,D,0.7221,0.6964,0.6734,0.6134,0.6449,0.6449,0.6963,0.6217,0.6649
F1,S,0.5932,0.5451,0.5966,0.5837,0.6123,0.5676,0.6216,0.5545,0.5753
Gmean,10,0.6689,0.6307,0.665,0.618,0.6562,0.6334,0.6874,0.6147,0.6464
B_Acc,C,0.6858,0.6546,0.6672,0.6354,0.6636,0.642,0.6901,0.6229,0.6528
Pre,S,0.6629,0.6248,0.5585,0.4958,0.5239,0.5288,0.5862,0.5067,0.5581
Rec,V,0.537,0.4841,0.643,0.7271,0.7419,0.6294,0.6655,0.6282,0.6048
Spe, ,0.8345,0.8251,0.6914,0.5438,0.5854,0.6546,0.7147,0.6176,0.7008
,Dataset,MSE,BCE,WBCE,Any_Fbeta,WBCEFL,Any_Gmean,WBCEGL,Any_BAccu,WBCEBL
Acc,D,0.8434,0.8461,0.8517,0.8661,0.8462,0.8063,0.8576,0.8375,0.8546
F1,S,0.7463,0.7504,0.7908,0.8063,0.7773,0.7207,0.7936,0.7499,0.7922
Gmean,11,0.7824,0.7888,0.8325,0.8432,0.8193,0.7774,0.8325,0.7949,0.8332
B_Acc,C,0.7992,0.8045,0.8353,0.8465,0.824,0.7826,0.8363,0.8048,0.836
Pre,S,0.9002,0.8831,0.8093,0.8398,0.8189,0.7451,0.8318,0.8261,0.8173
Rec,V,0.6428,0.6578,0.7772,0.7775,0.7458,0.6985,0.7615,0.6895,0.7698
Spe, ,0.9556,0.9511,0.8933,0.9156,0.9022,0.8667,0.9111,0.92,0.9022
,Dataset,MSE,BCE,WBCE,Any_Fbeta,WBCEFL,Any_Gmean,WBCEGL,Any_BAccu,WBCEBL
Acc,D,0.9972,0.9888,0.9748,0.9944,0.9916,0.975,0.9721,0.9805,0.9665
F1,S,0.9956,0.9816,0.9613,0.9909,0.9865,0.9647,0.9577,0.97,0.9498
Gmean,12,0.998,0.9843,0.9815,0.9934,0.9914,0.9811,0.9794,0.9831,0.9753
B_Acc,C,0.998,0.9846,0.9818,0.9935,0.9914,0.9817,0.9797,0.9833,0.9757
Pre,S,0.9913,0.9913,0.9259,0.9913,0.9822,0.9359,0.9197,0.9512,0.9056
Rec,V,1,0.9731,1,0.9909,0.9909,1,1,0.9909,1
Spe, ,0.996,0.996,0.9635,0.996,0.9919,0.9634,0.9594,0.9756,0.9514
,Dataset,MSE,BCE,WBCE,Any_Fbeta,WBCEFL,Any_Gmean,WBCEGL,Any_BAccu,WBCEBL
Acc,D,0.7988,0.7767,0.6032,0.4605,0.5617,0.6196,0.6337,0.6278,0.6362
F1,S,0.3319,0.1913,0.4181,0.3935,0.4313,0.4182,0.4454,0.3347,0.4511
Gmean,13,0.4236,0.2944,0.6039,0.4346,0.6033,0.6036,0.6307,0.4814,0.6349
B_Acc,C,0.6072,0.552,0.6063,0.5664,0.616,0.6088,0.6343,0.5854,0.6401
Pre,S,0.5966,0.5464,0.3185,0.2736,0.3091,0.3269,0.3447,0.2515,0.3492
Rec,V,0.2471,0.1294,0.6118,0.7647,0.7177,0.5882,0.6353,0.5059,0.6471
Spe, ,0.9674,0.9746,0.6008,0.3681,0.5143,0.6293,0.6334,0.665,0.6333
,Dataset,MSE,BCE,WBCE,Any_Fbeta,WBCEFL,Any_Gmean,WBCEGL,Any_BAccu,WBCEBL
Acc,D,0.9151,0.9151,0.474,0.2685,0.3589,0.5315,0.463,0.4658,0.4877
F1,S,0,0,0.1136,0.136,0.1297,0.09742,0.1224,0.1358,0.1106
Gmean,14,0,0,0.3741,0.1803,0.3703,0.359,0.3942,0.3969,0.3734
B_Acc,C,0.5,0.5,0.4593,0.4938,0.47,0.4398,0.4684,0.4852,0.4517
Pre,S,0,0,0.06526,0.07478,0.07272,0.05746,0.0704,0.07926,0.06402
Rec,V,0,0,0.4429,0.7667,0.6047,0.3286,0.4762,0.5095,0.4095
Spe, ,1,1,0.4757,0.2209,0.3352,0.5511,0.4607,0.4608,0.4939
,Dataset,MSE,BCE,WBCE,Any_Fbeta,WBCEFL,Any_Gmean,WBCEGL,Any_BAccu,WBCEBL
Acc,D,0.874,0.8687,0.7796,0.6245,0.8532,0.7508,0.8323,0.7956,0.8034
F1,S,0.2847,0.2938,0.505,0.384,0.5514,0.4265,0.572,0.4958,0.5568
Gmean,15,0.3719,0.3917,0.7197,0.5124,0.7107,0.6795,0.7489,0.7121,0.758
B_Acc,C,0.5924,0.6029,0.7272,0.6372,0.7406,0.6899,0.7651,0.7239,0.7647
Pre,S,0.7667,0.64,0.4529,0.3697,0.5865,0.3348,0.5412,0.4268,0.4808
Rec,V,0.1879,0.2212,0.653,0.6545,0.5803,0.603,0.6697,0.6212,0.7091
Spe, ,0.9969,0.9845,0.8014,0.6198,0.9009,0.7769,0.8605,0.8266,0.8203
,Dataset,MSE,BCE,WBCE,Any_Fbeta,WBCEFL,Any_Gmean,WBCEGL,Any_BAccu,WBCEBL
Acc,D,0.8981,0.8905,0.888,0.86,0.8624,0.8574,0.8981,0.8726,0.8751
F1,S,0.8711,0.8613,0.8672,0.8394,0.8394,0.8299,0.8775,0.8515,0.8531
Gmean,16,0.9016,0.8932,0.8996,0.8732,0.8771,0.8675,0.9094,0.8875,0.8886
B_Acc,C,0.9022,0.8936,0.9021,0.8781,0.8803,0.8696,0.9117,0.8912,0.8918
Pre,S,0.8296,0.8222,0.7937,0.7545,0.7513,0.7587,0.8058,0.7627,0.77
Rec,V,0.9186,0.9055,0.9593,0.9522,0.9524,0.9188,0.9662,0.966,0.9591
Spe, ,0.8857,0.8816,0.8449,0.8041,0.8082,0.8204,0.8571,0.8163,0.8245
,Dataset,MSE,BCE,WBCE,Any_Fbeta,WBCEFL,Any_Gmean,WBCEGL,Any_BAccu,WBCEBL
Acc,D,0.8025,0.79,0.67,0.47,0.535,0.665,0.655,0.7475,0.68
F1,S,0.3518,0.2918,0.4883,0.4381,0.4511,0.4832,0.4985,0.553,0.4842
Gmean,17,0.474,0.4252,0.6754,0.4874,0.6096,0.6705,0.6774,0.7,0.6693
B_Acc,C,0.6163,0.5846,0.6806,0.6226,0.6487,0.6735,0.6867,0.7149,0.6713
Pre,S,0.5619,0.5822,0.3794,0.2924,0.3075,0.3758,0.384,0.5154,0.3899
Rec,V,0.2778,0.2111,0.7,0.9,0.8556,0.6889,0.7445,0.6556,0.6556
Spe, ,0.9548,0.9581,0.6613,0.3452,0.4419,0.6581,0.629,0.7742,0.6871
,Dataset,MSE,BCE,WBCE,Any_Fbeta,WBCEFL,Any_Gmean,WBCEGL,Any_BAccu,WBCEBL
Acc,D,0.9206,0.9205,0.6753,0.668,0.68,0.6354,0.69,0.7121,0.6502
F1,S,0.05714,0.1467,0.2566,0.2372,0.26,0.2437,0.2573,0.258,0.2297
Gmean,18,0.08164,0.2185,0.6747,0.642,0.6873,0.6806,0.6653,0.679,0.6335
B_Acc,C,0.514,0.5551,0.6781,0.6435,0.6936,0.6871,0.6708,0.6827,0.6492
Pre,S,0.2,0.2,0.1604,0.149,0.1599,0.1462,0.1628,0.162,0.1415
Rec,V,0.03334,0.1238,0.6809,0.6143,0.7095,0.7476,0.6476,0.6476,0.6476
Spe, ,0.9946,0.9865,0.6753,0.6727,0.6776,0.6267,0.694,0.7178,0.6508
,Dataset,MSE,BCE,WBCE,Any_Fbeta,WBCEFL,Any_Gmean,WBCEGL,Any_BAccu,WBCEBL
Acc,D,0.8778,0.8778,0.5267,0.2422,0.3667,0.5733,0.5356,0.5333,0.54
F1,S,0,0,0.2159,0.2241,0.1857,0.1979,0.2232,0.1921,0.2204
Gmean,19,0,0,0.5189,0.2703,0.4163,0.4969,0.5298,0.4674,0.5284
B_Acc,C,0.5,0.5,0.5426,0.5214,0.4749,0.5222,0.5477,0.5072,0.5424
Pre,S,0,0,0.1343,0.1285,0.1104,0.1276,0.1409,0.1252,0.1394
Rec,V,0,0,0.5637,0.8909,0.6182,0.4545,0.5637,0.4727,0.5455
Spe, ,1,1,0.5215,0.1519,0.3317,0.5899,0.5316,0.5418,0.5393
,Dataset,MSE,BCE,WBCE,Any_Fbeta,WBCEFL,Any_Gmean,WBCEGL,Any_BAccu,WBCEBL
Acc,D,0.9084,0.8996,0.7033,0.7444,0.7249,0.7032,0.666,0.6988,0.6813
F1,S,0.2,0.1124,0.318,0.3019,0.2994,0.3225,0.2751,0.2892,0.2901
Gmean,20,0.2667,0.1787,0.7066,0.6615,0.6745,0.7148,0.669,0.6708,0.6849
B_Acc,C,0.5563,0.536,0.7117,0.6823,0.6814,0.7202,0.67,0.6768,0.6883
Pre,S,0.6,0.1533,0.2054,0.2034,0.1983,0.2076,0.1729,0.1875,0.1837
Rec,V,0.1222,0.08888,0.7222,0.6056,0.6278,0.7417,0.675,0.65,0.6972
Spe, ,0.9904,0.9831,0.7012,0.759,0.7349,0.6988,0.6651,0.7036,0.6795
,Dataset,MSE,BCE,WBCE,Any_Fbeta,WBCEFL,Any_Gmean,WBCEGL,Any_BAccu,WBCEBL
Acc,D,0.7121,0.7295,0.6841,0.6235,0.6559,0.697,0.7013,0.6948,0.6927
F1,S,0.5357,0.5617,0.5953,0.6153,0.6122,0.6235,0.6121,0.6171,0.6069
Gmean,21,0.6316,0.6515,0.6796,0.653,0.677,0.6997,0.6926,0.6937,0.6887
B_Acc,C,0.6592,0.6769,0.6833,0.6811,0.6867,0.7035,0.6993,0.7003,0.6928
Pre,S,0.613,0.6459,0.5322,0.4772,0.5022,0.5526,0.5594,0.5497,0.5448
Rec,V,0.4875,0.5062,0.6813,0.8687,0.7875,0.725,0.6938,0.7188,0.6937
Spe, ,0.8309,0.8476,0.6853,0.4934,0.5859,0.682,0.7049,0.6818,0.6919
,Dataset,MSE,BCE,WBCE,Any_Fbeta,WBCEFL,Any_Gmean,WBCEGL,Any_BAccu,WBCEBL
Acc,D,0.8319,0.8511,0.5851,0.5468,0.5617,0.6,0.5851,0.5979,0.6043
F1,S,0.025,0.05018,0.2966,0.3102,0.3215,0.308,0.3068,0.3008,0.3298
Gmean,22,0.05312,0.1062,0.5813,0.5914,0.611,0.5955,0.5944,0.58,0.6192
B_Acc,C,0.4947,0.5118,0.5912,0.6041,0.6188,0.6,0.603,0.5928,0.6261
Pre,S,0.1,0.2667,0.1987,0.2015,0.2088,0.2085,0.2036,0.2072,0.2209
Rec,V,0.01428,0.02856,0.6,0.6857,0.7,0.6,0.6286,0.5857,0.6571
Spe, ,0.975,0.995,0.5825,0.5225,0.5375,0.6,0.5775,0.6,0.595
,Dataset,MSE,BCE,WBCE,Any_Fbeta,WBCEFL,Any_Gmean,WBCEGL,Any_BAccu,WBCEBL
Acc,D,0.8653,0.8653,0.5747,0.1937,0.4126,0.6,0.6211,0.6632,0.6063
F1,S,0,0,0.2621,0.2518,0.2397,0.24,0.2883,0.2711,0.2797
Gmean,24,0,0,0.5648,0.1648,0.4885,0.5307,0.5926,0.5565,0.5866
B_Acc,C,0.5,0.5,0.5684,0.5342,0.5222,0.5494,0.6018,0.5852,0.5932
Pre,S,0,0,0.1711,0.1442,0.1473,0.1604,0.1943,0.1927,0.1849
Rec,V,0,0,0.5603,1,0.6718,0.4808,0.5756,0.4795,0.5756
Spe, ,1,1,0.5767,0.06828,0.3727,0.618,0.6279,0.6909,0.6107
,Dataset,MSE,BCE,WBCE,Any_Fbeta,WBCEFL,Any_Gmean,WBCEGL,Any_BAccu,WBCEBL
Acc,D,0.8716,0.8716,0.6084,0.2695,0.3579,0.5853,0.6148,0.6147,0.5895
F1,S,0,0,0.2349,0.2519,0.2429,0.269,0.2522,0.2671,0.2388
Gmean,25,0,0,0.5371,0.2988,0.4531,0.584,0.5564,0.5273,0.5415
B_Acc,C,0.5,0.5,0.5518,0.5544,0.5474,0.5864,0.5684,0.5764,0.5532
Pre,S,0,0,0.1563,0.1462,0.144,0.1747,0.1687,0.1899,0.1566
Rec,V,0,0,0.4756,0.9372,0.8026,0.5885,0.5064,0.5244,0.5051
Spe, ,1,1,0.6281,0.1716,0.2922,0.5845,0.6304,0.6284,0.6014
,Dataset,MSE,BCE,WBCE,Any_Fbeta,WBCEFL,Any_Gmean,WBCEGL,Any_BAccu,WBCEBL
Acc,D,0.626,0.668,0.616,0.51,0.596,0.73,0.63,0.654,0.622
F1,S,0.4947,0.522,0.5615,0.6017,0.5991,0.6768,0.5603,0.5903,0.5551
Gmean,26,0.5813,0.6078,0.6103,0.352,0.6055,0.7281,0.6186,0.6492,0.6138
B_Acc,C,0.5983,0.6334,0.6229,0.5847,0.6288,0.7297,0.6262,0.6503,0.6199
Pre,S,0.5287,0.5923,0.4991,0.4483,0.4888,0.6336,0.5305,0.5553,0.513
Rec,V,0.4691,0.4742,0.6572,0.9333,0.7806,0.729,0.6076,0.6328,0.6119
Spe, ,0.7274,0.7926,0.5886,0.2361,0.477,0.7304,0.6449,0.6679,0.6278
,Dataset,MSE,BCE,WBCE,Any_Fbeta,WBCEFL,Any_Gmean,WBCEGL,Any_BAccu,WBCEBL
Acc,D,0.956,0.948,0.82,0.954,0.898,0.838,0.86,0.892,0.822
F1,S,0.8559,0.8349,0.6403,0.872,0.7471,0.6511,0.6925,0.7613,0.6386
Gmean,27,0.8976,0.8932,0.8768,0.9471,0.908,0.8705,0.9036,0.9184,0.8741
B_Acc,C,0.903,0.8982,0.8827,0.9473,0.9089,0.8732,0.9066,0.9205,0.8789
Pre,S,0.8904,0.8513,0.4804,0.8189,0.6301,0.5075,0.5386,0.6489,0.4808
Rec,V,0.825,0.825,0.975,0.9375,0.925,0.925,0.975,0.9625,0.9625
Spe, ,0.981,0.9714,0.7905,0.9572,0.8929,0.8214,0.8381,0.8786,0.7952
,Dataset,MSE,BCE,WBCE,Any_Fbeta,WBCEFL,Any_Gmean,WBCEGL,Any_BAccu,WBCEBL
Acc,D,0.8988,0.9068,0.5991,0.6408,0.603,0.6268,0.603,0.627,0.5991
F1,S,0.07778,0.08,0.2324,0.2222,0.2365,0.2498,0.2287,0.2247,0.237
Gmean,28,0.1493,0.1136,0.6142,0.5847,0.615,0.6388,0.6052,0.5985,0.6243
B_Acc,C,0.5223,0.5301,0.6153,0.5906,0.6174,0.6407,0.6074,0.6029,0.6254
Pre,S,0.15,0.1,0.1427,0.1422,0.1463,0.1546,0.1414,0.1401,0.145
Rec,V,0.06,0.06666,0.6356,0.5289,0.6356,0.6578,0.6134,0.5733,0.6578
Spe, ,0.9846,0.9935,0.5951,0.6523,0.5993,0.6235,0.6016,0.6324,0.593
,Dataset,MSE,BCE,WBCE,Any_Fbeta,WBCEFL,Any_Gmean,WBCEGL,Any_BAccu,WBCEBL
Acc,D,0.8199,0.8392,0.77,0.7663,0.772,0.7681,0.7815,0.7682,0.7854
F1,S,0.3924,0.472,0.5794,0.5702,0.5792,0.5914,0.5852,0.5506,0.591
Gmean,29,0.5219,0.5847,0.7672,0.7616,0.7679,0.782,0.7673,0.7363,0.7729
B_Acc,C,0.6229,0.668,0.7691,0.7634,0.7701,0.7848,0.7692,0.7436,0.7752
Pre,S,0.6348,0.6799,0.4708,0.4593,0.4688,0.4692,0.4852,0.4628,0.4881
Rec,V,0.2892,0.3771,0.7671,0.758,0.7667,0.813,0.7481,0.7017,0.7576
Spe, ,0.9566,0.9591,0.7711,0.7687,0.7735,0.7566,0.7904,0.7856,0.7928
,Dataset,MSE,BCE,WBCE,Any_Fbeta,WBCEFL,Any_Gmean,WBCEGL,Any_BAccu,WBCEBL
Acc,D,0.9077,0.8907,0.7553,0.9058,0.8589,0.8041,0.808,0.84,0.7665
F1,S,0.4157,0.2477,0.4606,0.6123,0.5575,0.5132,0.5098,0.5519,0.4645
Gmean,30,0.5657,0.3531,0.8448,0.8063,0.8452,0.8607,0.855,0.8768,0.8375
B_Acc,C,0.6671,0.6094,0.8555,0.8188,0.857,0.8666,0.8608,0.8786,0.8456
Pre,S,0.6292,0.4229,0.3029,0.5701,0.4476,0.358,0.3579,0.3964,0.3106
Rec,V,0.3636,0.2545,0.9818,0.7091,0.8545,0.9455,0.9273,0.9273,0.9455
Spe, ,0.9706,0.9642,0.7291,0.9285,0.8594,0.7878,0.7943,0.8299,0.7458
,Dataset,MSE,BCE,WBCE,Any_Fbeta,WBCEFL,Any_Gmean,WBCEGL,Any_BAccu,WBCEBL
Acc,D,0.9056,0.9037,0.6741,0.6537,0.7352,0.7,0.6926,0.7426,0.6945
F1,S,0.2295,0.1347,0.3062,0.3136,0.3262,0.2957,0.3147,0.3389,0.3276
Gmean,31,0.3649,0.2411,0.7378,0.5813,0.7352,0.7135,0.7445,0.733,0.7586
B_Acc,C,0.5758,0.5433,0.7434,0.6889,0.7364,0.7171,0.7534,0.7404,0.7646
Pre,S,0.34,0.225,0.1889,0.2102,0.2106,0.1859,0.1953,0.2241,0.2045
Rec,V,0.1778,0.1089,0.8267,0.7333,0.7378,0.7378,0.8267,0.7378,0.8489
Spe, ,0.9737,0.9778,0.6601,0.6445,0.7349,0.6964,0.6803,0.7431,0.6804
,Dataset,MSE,BCE,WBCE,Any_Fbeta,WBCEFL,Any_Gmean,WBCEGL,Any_BAccu,WBCEBL
Acc,D,0.864,0.8604,0.6404,0.3253,0.6064,0.6207,0.6368,0.5377,0.6278
F1,S,0.131,0.06796,0.3822,0.3039,0.3773,0.3687,0.3854,0.3628,0.3794
Gmean,32,0.2118,0.1207,0.6892,0.278,0.6811,0.6757,0.6907,0.5513,0.6846
B_Acc,C,0.5354,0.5177,0.7017,0.5854,0.7026,0.685,0.7048,0.6677,0.6995
Pre,S,0.5333,0.4,0.2536,0.1843,0.245,0.2422,0.2556,0.2378,0.2503
Rec,V,0.075,0.0375,0.7875,0.95,0.8375,0.775,0.8,0.85,0.8
Spe, ,0.9958,0.9979,0.6158,0.2208,0.5677,0.5949,0.6095,0.4854,0.599
,Dataset,MSE,BCE,WBCE,Any_Fbeta,WBCEFL,Any_Gmean,WBCEGL,Any_BAccu,WBCEBL
Acc,D,0.9217,0.9056,0.7347,0.8504,0.8184,0.7811,0.7668,0.7723,0.7401
F1,S,0.7437,0.7067,0.5415,0.655,0.6123,0.5747,0.5683,0.5747,0.5439
Gmean,33,0.8171,0.8042,0.7946,0.8378,0.8333,0.8173,0.8233,0.8283,0.809
B_Acc,C,0.8318,0.8175,0.8061,0.8417,0.8354,0.8212,0.8301,0.8336,0.8183
Pre,S,0.8388,0.7671,0.3904,0.5561,0.4806,0.4305,0.4136,0.4187,0.3859
Rec,V,0.6977,0.686,0.9123,0.8281,0.8602,0.8807,0.924,0.9245,0.9345
Spe, ,0.966,0.949,0.7,0.8553,0.8106,0.7617,0.7362,0.7425,0.7022
,Dataset,MSE,BCE,WBCE,Any_Fbeta,WBCEFL,Any_Gmean,WBCEGL,Any_BAccu,WBCEBL
Acc,D,0.9596,0.9578,0.9472,0.9613,0.9561,0.9666,0.9525,0.9596,0.9578
F1,S,0.9451,0.9422,0.9315,0.9475,0.9411,0.9552,0.9383,0.9464,0.9447
Gmean,34,0.9551,0.9516,0.9502,0.9564,0.9533,0.9648,0.9544,0.958,0.9596
B_Acc,C,0.9554,0.9521,0.9503,0.9568,0.9536,0.9649,0.9546,0.9582,0.9596
Pre,S,0.9525,0.9562,0.9029,0.9574,0.9395,0.9533,0.9164,0.9415,0.9236
Rec,V,0.9388,0.9294,0.9622,0.9388,0.9435,0.9577,0.9624,0.9528,0.9669
Spe, ,0.972,0.9748,0.9383,0.9748,0.9636,0.972,0.9467,0.9636,0.9523
,Dataset,MSE,BCE,WBCE,Any_Fbeta,WBCEFL,Any_Gmean,WBCEGL,Any_BAccu,WBCEBL
Acc,D,0.7153,0.7256,0.6278,0.5643,0.5901,0.662,0.6484,0.6313,0.6106
F1,S,0.1845,0.2133,0.5621,0.5468,0.5609,0.5789,0.582,0.5742,0.5447
Gmean,35,0.3167,0.3422,0.6726,0.6218,0.6457,0.698,0.6948,0.6813,0.6525
B_Acc,C,0.5418,0.5528,0.6892,0.6698,0.6857,0.7059,0.7106,0.7021,0.6698
Pre,S,0.5454,0.5548,0.4253,0.3899,0.4064,0.4513,0.4413,0.4294,0.4123
Rec,V,0.1364,0.1488,0.8328,0.9164,0.9098,0.8086,0.8563,0.8681,0.8082
Spe, ,0.9472,0.9567,0.5457,0.4232,0.4617,0.6032,0.5649,0.5361,0.5314
,Dataset,MSE,BCE,WBCE,Any_Fbeta,WBCEFL,Any_Gmean,WBCEGL,Any_BAccu,WBCEBL
Acc,D,0.8532,0.8482,0.8346,0.8431,0.8312,0.838,0.8261,0.838,0.8295
F1,S,0.7664,0.7518,0.7647,0.7763,0.7541,0.7685,0.7586,0.7728,0.7625
Gmean,36,0.8253,0.8097,0.8359,0.8436,0.825,0.8383,0.8328,0.8436,0.8363
B_Acc,C,0.8287,0.8153,0.8364,0.844,0.8254,0.8399,0.8341,0.8443,0.8367
Pre,S,0.7723,0.7824,0.7028,0.7189,0.7068,0.7081,0.683,0.7019,0.6877
Rec,V,0.7615,0.7246,0.841,0.8464,0.8091,0.8458,0.8565,0.8619,0.8566
Spe, ,0.896,0.906,0.8317,0.8416,0.8416,0.8341,0.8117,0.8266,0.8169
,Dataset,MSE,BCE,WBCE,Any_Fbeta,WBCEFL,Any_Gmean,WBCEGL,Any_BAccu,WBCEBL
Acc,D,0.9734,0.9783,0.89,0.99,0.9583,0.8984,0.87,0.945,0.8534
F1,S,0.9245,0.9334,0.7554,0.9716,0.8879,0.7691,0.7249,0.8684,0.6883
Gmean,37,0.9633,0.9576,0.9275,0.994,0.9626,0.9242,0.9103,0.9661,0.8885
B_Acc,C,0.964,0.959,0.93,0.994,0.963,0.927,0.914,0.967,0.892
Pre,S,0.9091,0.9427,0.6163,0.9462,0.8244,0.6567,0.5832,0.7792,0.5463
Rec,V,0.95,0.93,0.99,1,0.97,0.97,0.98,1,0.95
Spe, ,0.978,0.988,0.87,0.988,0.956,0.884,0.848,0.934,0.834
,Dataset,MSE,BCE,WBCE,Any_Fbeta,WBCEFL,Any_Gmean,WBCEGL,Any_BAccu,WBCEBL
Acc,D,0.8818,0.8966,0.8752,0.8801,0.8802,0.8834,0.8785,0.8785,0.8768
F1,S,0.8341,0.8586,0.8433,0.8498,0.8474,0.8566,0.8455,0.8467,0.8429
Gmean,38,0.8639,0.8864,0.882,0.8886,0.8853,0.8935,0.8838,0.8855,0.8817
B_Acc,C,0.866,0.8872,0.8826,0.8894,0.8856,0.8956,0.8842,0.8862,0.882
Pre,S,0.8642,0.8662,0.7864,0.7872,0.7965,0.7889,0.7932,0.7886,0.7918
Rec,V,0.8073,0.8521,0.9104,0.924,0.906,0.9415,0.9059,0.9149,0.9014
Spe, ,0.9248,0.9223,0.8549,0.8549,0.8653,0.8497,0.8627,0.8575,0.8627
,Dataset,MSE,BCE,WBCE,Any_Fbeta,WBCEFL,Any_Gmean,WBCEGL,Any_BAccu,WBCEBL
Acc,D,0.7473,0.7458,0.7052,0.702,0.7004,0.7207,0.7192,0.7254,0.7115
F1,S,0.5529,0.5828,0.6464,0.6589,0.6584,0.661,0.6649,0.6695,0.6474
Gmean,39,0.6524,0.6816,0.7363,0.7419,0.7411,0.7501,0.7527,0.7574,0.7383
B_Acc,C,0.6814,0.6962,0.7447,0.7583,0.7571,0.7576,0.7629,0.7663,0.744
Pre,S,0.627,0.6102,0.5212,0.5164,0.5154,0.5391,0.5346,0.5425,0.5307
Rec,V,0.502,0.5611,0.8522,0.9116,0.9115,0.8573,0.8818,0.8772,0.8326
Spe, ,0.8609,0.8312,0.6371,0.6051,0.6027,0.6577,0.644,0.6554,0.6555
,Dataset,MSE,BCE,WBCE,Any_Fbeta,WBCEFL,Any_Gmean,WBCEGL,Any_BAccu,WBCEBL
Acc,D,0.9008,0.9225,0.6791,0.8713,0.8,0.6713,0.6434,0.7349,0.693
F1,S,0.2429,0.2338,0.1798,0.3298,0.2414,0.1778,0.1548,0.2048,0.178
Gmean,40,0.5014,0.4167,0.6285,0.6816,0.6622,0.644,0.6032,0.6464,0.6248
B_Acc,C,0.6152,0.5997,0.6367,0.7136,0.6775,0.6479,0.6062,0.6546,0.6323
Pre,S,0.2132,0.2617,0.1072,0.2488,0.1563,0.104,0.0898,0.1268,0.1061
Rec,V,0.2929,0.2357,0.5893,0.5357,0.5393,0.6214,0.5643,0.5643,0.5643
Spe, ,0.9375,0.9637,0.6841,0.8915,0.8158,0.6744,0.648,0.7449,0.7004
,Dataset,MSE,BCE,WBCE,Any_Fbeta,WBCEFL,Any_Gmean,WBCEGL,Any_BAccu,WBCEBL
Acc,D,0.9198,0.9243,0.7232,0.8065,0.7503,0.6914,0.7096,0.7111,0.7247
F1,S,0.1724,0.09488,0.301,0.3756,0.3356,0.2869,0.2895,0.3154,0.3179
Gmean,41,0.2603,0.1483,0.7373,0.7594,0.7463,0.7304,0.7217,0.7593,0.7553
B_Acc,C,0.5542,0.5274,0.7432,0.7691,0.7496,0.7361,0.7266,0.7642,0.7615
Pre,S,0.3667,0.3,0.1877,0.2569,0.2197,0.1755,0.18,0.1956,0.1985
Rec,V,0.12,0.05636,0.7673,0.7255,0.7491,0.7891,0.7473,0.8273,0.8055
Spe, ,0.9885,0.9984,0.7192,0.8128,0.7502,0.683,0.706,0.7012,0.7175
,Dataset,MSE,BCE,WBCE,Any_Fbeta,WBCEFL,Any_Gmean,WBCEGL,Any_BAccu,WBCEBL
Acc,D,0.9722,0.9692,0.9736,0.9678,0.9678,0.9663,0.9663,0.9692,0.9707
F1,S,0.9603,0.9562,0.9629,0.955,0.9546,0.9533,0.9529,0.9567,0.9589
Gmean,42,0.9699,0.9666,0.9748,0.9693,0.9675,0.9691,0.9673,0.9696,0.9716
B_Acc,C,0.9699,0.9667,0.9748,0.9694,0.9675,0.9692,0.9673,0.9696,0.9716
Pre,S,0.9586,0.9546,0.9475,0.9361,0.943,0.9293,0.936,0.9433,0.9437
Rec,V,0.9623,0.9581,0.979,0.9748,0.9665,0.979,0.9706,0.9707,0.9748
Spe, ,0.9775,0.9752,0.9707,0.9639,0.9685,0.9594,0.9639,0.9685,0.9685
,Dataset,MSE,BCE,WBCE,Any_Fbeta,WBCEFL,Any_Gmean,WBCEGL,Any_BAccu,WBCEBL
Acc,D,0.9064,0.9078,0.6652,0.7206,0.6837,0.6596,0.6879,0.6709,0.6653
F1,S,0.02222,0.1019,0.2777,0.2826,0.297,0.2807,0.3004,0.29,0.2975
Gmean,43,0.0546,0.193,0.6917,0.6672,0.7127,0.6963,0.7176,0.6995,0.7089
B_Acc,C,0.503,0.5265,0.6971,0.675,0.7216,0.7021,0.7246,0.7083,0.7197
Pre,S,0.04,0.3583,0.1718,0.1846,0.1854,0.173,0.1875,0.1817,0.1859
Rec,V,0.01538,0.06538,0.7359,0.6205,0.768,0.7538,0.7692,0.7538,0.7859
Spe, ,0.9907,0.9876,0.6582,0.7296,0.6752,0.6504,0.6799,0.6627,0.6536
,Dataset,MSE,BCE,WBCE,Any_Fbeta,WBCEFL,Any_Gmean,WBCEGL,Any_BAccu,WBCEBL
Acc,D,0.7847,0.7807,0.6618,0.3233,0.6269,0.6684,0.6658,0.659,0.6577
F1,S,0.289,0.2463,0.5104,0.4127,0.495,0.5126,0.5137,0.504,0.5116
Gmean,44,0.419,0.3782,0.6867,0.1402,0.6673,0.6883,0.6894,0.6791,0.6871
B_Acc,C,0.5821,0.5679,0.6915,0.5409,0.6763,0.6918,0.6941,0.6839,0.6926
Pre,S,0.6526,0.66,0.3885,0.27,0.366,0.3946,0.3925,0.387,0.387
Rec,V,0.1957,0.1621,0.748,0.9556,0.7701,0.7364,0.7478,0.731,0.7589
Spe, ,0.9684,0.9737,0.6351,0.1263,0.5825,0.6474,0.6404,0.6368,0.6263
,Dataset,MSE,BCE,WBCE,Any_Fbeta,WBCEFL,Any_Gmean,WBCEGL,Any_BAccu,WBCEBL
Acc,D,0.7552,0.7617,0.7357,0.6313,0.7188,0.7304,0.7343,0.7422,0.7487
F1,S,0.617,0.635,0.6658,0.6382,0.6681,0.6568,0.6585,0.6493,0.6758
Gmean,45,0.6936,0.7094,0.7394,0.5829,0.7364,0.7323,0.7339,0.7249,0.7475
B_Acc,C,0.7105,0.7232,0.7406,0.6912,0.7406,0.734,0.7352,0.7282,0.7496
Pre,S,0.6923,0.6915,0.5956,0.5074,0.5676,0.5885,0.5959,0.6248,0.617
Rec,V,0.563,0.5964,0.7572,0.8884,0.8132,0.7459,0.7384,0.6824,0.7531
Spe, ,0.858,0.85,0.724,0.494,0.668,0.722,0.732,0.774,0.746
,Dataset,MSE,BCE,WBCE,Any_Fbeta,WBCEFL,Any_Gmean,WBCEGL,Any_BAccu,WBCEBL
Acc,D,0.8055,0.8055,0.5258,0.2171,0.3013,0.5382,0.5271,0.4769,0.5233
F1,S,0,0,0.2872,0.3214,0.3233,0.293,0.2868,0.2885,0.2942
Gmean,46,0,0,0.509,0.1165,0.3463,0.518,0.508,0.4795,0.5128
B_Acc,C,0.5,0.5,0.5124,0.4969,0.5125,0.5201,0.5132,0.4992,0.5182
Pre,S,0,0,0.2036,0.1934,0.1996,0.2092,0.2034,0.2008,0.2082
Rec,V,0,0,0.4903,0.9548,0.8581,0.4903,0.4903,0.5355,0.5096
Spe, ,1,1,0.5344,0.03888,0.1669,0.5498,0.536,0.4629,0.5267
,Dataset,MSE,BCE,WBCE,Any_Fbeta,WBCEFL,Any_Gmean,WBCEGL,Any_BAccu,WBCEBL
Acc,D,0.782,0.7845,0.6318,0.3126,0.5553,0.6404,0.6219,0.676,0.6109
F1,S,0.105,0.1595,0.4489,0.3842,0.4343,0.4528,0.4454,0.405,0.4365
Gmean,47,0.1845,0.2939,0.6382,0.1848,0.606,0.6414,0.633,0.583,0.6243
B_Acc,C,0.5286,0.5414,0.6393,0.528,0.6218,0.6445,0.6348,0.6237,0.6255
Pre,S,0.5667,0.8417,0.3424,0.2462,0.3079,0.3478,0.3376,0.4263,0.3286
Rec,V,0.05876,0.09076,0.6531,0.9263,0.7444,0.6522,0.6583,0.5259,0.6526
Spe, ,0.9984,0.992,0.6256,0.1296,0.4992,0.6368,0.6112,0.7216,0.5984
,Dataset,MSE,BCE,WBCE,Any_Fbeta,WBCEFL,Any_Gmean,WBCEGL,Any_BAccu,WBCEBL
Acc,D,0.9548,0.9632,0.9453,0.9798,0.9596,0.9762,0.9512,0.9667,0.9476
F1,S,0.9404,0.9515,0.9308,0.9735,0.9474,0.9692,0.9378,0.9569,0.933
Gmean,48,0.9517,0.9609,0.9508,0.9805,0.9598,0.9783,0.955,0.9693,0.951
B_Acc,C,0.9519,0.9611,0.9511,0.9806,0.96,0.9784,0.9552,0.9695,0.9511
Pre,S,0.9417,0.9512,0.8908,0.9634,0.9343,0.9521,0.9066,0.9344,0.9029
Rec,V,0.94,0.9526,0.9748,0.9841,0.9621,0.9874,0.9716,0.981,0.9653
Spe, ,0.9638,0.9695,0.9275,0.9771,0.958,0.9695,0.9389,0.958,0.937
,Dataset,MSE,BCE,WBCE,Any_Fbeta,WBCEFL,Any_Gmean,WBCEGL,Any_BAccu,WBCEBL
Acc,D,0.9704,0.9574,0.9184,0.9421,0.9397,0.9196,0.9231,0.9302,0.9172
F1,S,0.9437,0.9209,0.8611,0.8973,0.8931,0.8625,0.867,0.8806,0.8619
Gmean,49,0.9634,0.9549,0.9336,0.9485,0.947,0.933,0.9329,0.9404,0.9354
B_Acc,C,0.9638,0.955,0.9346,0.9491,0.9474,0.9339,0.9333,0.9411,0.9369
Pre,S,0.94,0.8946,0.7781,0.8442,0.8353,0.7835,0.7965,0.8153,0.7756
Rec,V,0.9498,0.9498,0.968,0.9635,0.9633,0.9634,0.9542,0.9635,0.9773
Spe, ,0.9777,0.9602,0.9012,0.9347,0.9315,0.9044,0.9124,0.9187,0.8965
,Dataset,MSE,BCE,WBCE,Any_Fbeta,WBCEFL,Any_Gmean,WBCEGL,Any_BAccu,WBCEBL
Acc,D,0.6837,0.6879,0.5752,0.3466,0.5063,0.6232,0.6254,0.6326,0.5867
F1,S,0.3341,0.3005,0.5161,0.5147,0.5302,0.5495,0.5579,0.5243,0.5106
Gmean,50,0.4573,0.4173,0.5844,0,0.5211,0.6314,0.6308,0.6104,0.5831
B_Acc,C,0.5815,0.5778,0.594,0.5,0.5775,0.6331,0.6368,0.6244,0.5999
Pre,S,0.6127,0.6566,0.4298,0.3466,0.3955,0.4684,0.483,0.4862,0.435
Rec,V,0.2475,0.2178,0.656,1,0.8101,0.6654,0.6744,0.5986,0.6438
Spe, ,0.9154,0.9377,0.532,0,0.3449,0.6007,0.5992,0.6503,0.556
,Dataset,MSE,BCE,WBCE,Any_Fbeta,WBCEFL,Any_Gmean,WBCEGL,Any_BAccu,WBCEBL
Acc,D,0.9114,0.9166,0.9187,0.9145,0.9072,0.9051,0.9114,0.9155,0.9114
F1,S,0.8746,0.8823,0.8905,0.8835,0.8747,0.8757,0.8809,0.8862,0.883
Gmean,51,0.8991,0.9054,0.9184,0.9112,0.9043,0.9089,0.911,0.9142,0.9135
B_Acc,C,0.9004,0.9063,0.9187,0.9116,0.9047,0.9094,0.9111,0.9145,0.9137
Pre,S,0.8905,0.8961,0.8653,0.8676,0.8562,0.833,0.8534,0.8641,0.8482
Rec,V,0.8611,0.8698,0.9189,0.9016,0.8959,0.9248,0.9103,0.9105,0.9219
Spe, ,0.9396,0.9429,0.9184,0.9217,0.9136,0.894,0.9119,0.9184,0.9054
,Dataset,MSE,BCE,WBCE,Any_Fbeta,WBCEFL,Any_Gmean,WBCEGL,Any_BAccu,WBCEBL
Acc,D,0.8006,0.7924,0.7657,0.7317,0.7503,0.7574,0.7821,0.7646,0.7883
F1,S,0.6584,0.6512,0.6833,0.6589,0.6828,0.6684,0.7137,0.6788,0.7265
Gmean,52,0.7298,0.7268,0.765,0.7422,0.7644,0.7522,0.7908,0.7604,0.7994
B_Acc,C,0.7508,0.7462,0.7676,0.7463,0.7687,0.7544,0.7924,0.7623,0.8026
Pre,S,0.7516,0.7242,0.616,0.5705,0.5861,0.6093,0.6315,0.6213,0.6425
Rec,V,0.603,0.6091,0.7733,0.789,0.8232,0.7454,0.8229,0.7549,0.8447
Spe, ,0.8986,0.8833,0.762,0.7036,0.7143,0.7634,0.7618,0.7697,0.7604
,Dataset,MSE,BCE,WBCE,Any_Fbeta,WBCEFL,Any_Gmean,WBCEGL,Any_BAccu,WBCEBL
Acc,D,0.9666,0.9525,0.7707,0.9444,0.907,0.7879,0.8162,0.8586,0.7879
F1,S,0.805,0.6945,0.4558,0.7733,0.6756,0.4721,0.5067,0.5661,0.4679
Gmean,53,0.8684,0.7715,0.8635,0.9639,0.9472,0.8706,0.8926,0.9093,0.8708
B_Acc,C,0.8767,0.7989,0.8739,0.9645,0.9489,0.8783,0.8989,0.9122,0.8783
Pre,S,0.8528,0.838,0.2986,0.6436,0.5177,0.3136,0.3421,0.4028,0.3089
Rec,V,0.7667,0.6111,1,0.9889,1,0.9889,1,0.9778,0.9889
Spe, ,0.9867,0.9867,0.7478,0.94,0.8978,0.7678,0.7978,0.8466,0.7678
,Dataset,MSE,BCE,WBCE,Any_Fbeta,WBCEFL,Any_Gmean,WBCEGL,Any_BAccu,WBCEBL
Acc,D,0.72,0.731,0.681,0.482,0.651,0.682,0.683,0.663,0.679
F1,S,0.4766,0.4843,0.5716,0.5162,0.5688,0.5653,0.571,0.5402,0.5526
Gmean,54,0.6,0.6036,0.6879,0.384,0.6773,0.6833,0.688,0.66,0.6736
B_Acc,C,0.6381,0.645,0.6893,0.5995,0.6841,0.6843,0.6898,0.6621,0.6764
Pre,S,0.5372,0.5671,0.4793,0.372,0.4535,0.48,0.4804,0.46,0.4719
Rec,V,0.4333,0.43,0.71,0.8933,0.7666,0.69,0.7067,0.66,0.67
Spe, ,0.8428,0.86,0.6686,0.3057,0.6014,0.6786,0.6729,0.6643,0.6828
,Dataset,MSE,BCE,WBCE,Any_Fbeta,WBCEFL,Any_Gmean,WBCEGL,Any_BAccu,WBCEBL
Acc,D,0.713,0.723,0.608,0.469,0.532,0.603,0.607,0.589,0.617
F1,S,0.3002,0.299,0.4075,0.427,0.4225,0.4426,0.4004,0.4252,0.4032
Gmean,55,0.4551,0.4498,0.5712,0.4498,0.563,0.6027,0.5679,0.5848,0.572
B_Acc,C,0.5588,0.5619,0.5819,0.5625,0.5735,0.604,0.5753,0.5881,0.5795
Pre,S,0.4079,0.4545,0.3367,0.3028,0.3122,0.3498,0.333,0.336,0.3382
Rec,V,0.2392,0.2278,0.5282,0.7566,0.6599,0.606,0.5096,0.5864,0.5017
Spe, ,0.8785,0.8961,0.6356,0.3684,0.4872,0.602,0.6411,0.5898,0.6573
,Dataset,MSE,BCE,WBCE,Any_Fbeta,WBCEFL,Any_Gmean,WBCEGL,Any_BAccu,WBCEBL
Acc,D,0.8763,0.8715,0.7018,0.7191,0.7095,0.6999,0.7056,0.648,0.6874
F1,S,0.1547,0.07772,0.4145,0.4124,0.4239,0.411,0.416,0.3748,0.3985
Gmean,56,0.2732,0.1449,0.764,0.755,0.7718,0.7605,0.7642,0.7259,0.7478
B_Acc,C,0.5432,0.5199,0.7725,0.7588,0.7806,0.7679,0.7716,0.7385,0.7576
Pre,S,0.4458,0.17,0.2738,0.2772,0.2812,0.271,0.2757,0.2409,0.2618
Rec,V,0.1028,0.05508,0.8662,0.8114,0.8745,0.8579,0.8588,0.8582,0.8505
Spe, ,0.9836,0.9847,0.679,0.7063,0.6866,0.6779,0.6844,0.6189,0.6647
,Dataset,MSE,BCE,WBCE,Any_Fbeta,WBCEFL,Any_Gmean,WBCEGL,Any_BAccu,WBCEBL
Acc,D,0.8587,0.855,0.8161,0.8275,0.8227,0.8322,0.8265,0.8246,0.8123
F1,S,0.7877,0.781,0.7644,0.7756,0.7721,0.7789,0.7726,0.7683,0.7605
Gmean,57,0.8364,0.8314,0.8295,0.8377,0.8358,0.8419,0.8362,0.8319,0.8273
B_Acc,C,0.839,0.8347,0.8316,0.8396,0.8381,0.8431,0.8374,0.8333,0.8294
Pre,S,0.799,0.7927,0.6782,0.699,0.6874,0.7022,0.6958,0.6976,0.6697
Rec,V,0.778,0.7724,0.8791,0.8765,0.8849,0.8764,0.8707,0.8597,0.882
Spe, ,0.8999,0.897,0.784,0.8027,0.7912,0.8098,0.8041,0.8069,0.7769
,Dataset,MSE,BCE,WBCE,Any_Fbeta,WBCEFL,Any_Gmean,WBCEGL,Any_BAccu,WBCEBL
Acc,D,0.834,0.8227,0.7008,0.5355,0.6332,0.7073,0.7008,0.7177,0.7036
F1,S,0.1025,0.0598,0.4387,0.3706,0.398,0.447,0.426,0.4356,0.4205
Gmean,58,0.158,0.1178,0.692,0.5855,0.6561,0.7009,0.6787,0.6812,0.6699
B_Acc,C,0.5288,0.511,0.693,0.6285,0.6613,0.7017,0.6802,0.6838,0.6733
Pre,S,0.2476,0.1445,0.3248,0.2527,0.2795,0.3304,0.3178,0.3337,0.3179
Rec,V,0.06546,0.03784,0.6812,0.7697,0.7039,0.6929,0.6488,0.6323,0.627
Spe, ,0.9921,0.9842,0.7048,0.4873,0.6188,0.7104,0.7116,0.7353,0.7195
,Dataset,MSE,BCE,WBCE,Any_Fbeta,WBCEFL,Any_Gmean,WBCEGL,Any_BAccu,WBCEBL
Acc,D,0.9804,0.9786,0.9656,0.9776,0.9786,0.9702,0.9749,0.9758,0.9739
F1,S,0.9695,0.966,0.9491,0.9661,0.9673,0.9556,0.9624,0.9636,0.9612
Gmean,59,0.9749,0.9695,0.9714,0.9774,0.9781,0.9749,0.9791,0.9798,0.9791
B_Acc,C,0.9751,0.97,0.9715,0.9775,0.9782,0.975,0.9792,0.9799,0.9792
Pre,S,0.9797,0.9881,0.9128,0.9564,0.958,0.925,0.9352,0.9375,0.9306
Rec,V,0.9599,0.9454,0.9885,0.977,0.9771,0.9885,0.9914,0.9914,0.9942
Spe, ,0.9903,0.9945,0.9545,0.9779,0.9793,0.9614,0.9669,0.9683,0.9642
,Dataset,MSE,BCE,WBCE,Any_Fbeta,WBCEFL,Any_Gmean,WBCEGL,Any_BAccu,WBCEBL
Acc,D,0.8681,0.8672,0.6991,0.7076,0.7186,0.7029,0.7093,0.6992,0.6983
F1,S,0.05506,0.1418,0.4113,0.4137,0.4217,0.4157,0.4145,0.4007,0.409
Gmean,60,0.1188,0.2436,0.7541,0.7526,0.7593,0.7594,0.7559,0.7417,0.7521
B_Acc,C,0.5116,0.5405,0.7608,0.756,0.7625,0.7662,0.7603,0.7448,0.7573
Pre,S,0.1429,0.225,0.273,0.2773,0.2843,0.2757,0.2768,0.267,0.2713
Rec,V,0.03704,0.1054,0.843,0.8205,0.8208,0.8507,0.8282,0.8057,0.8359
Spe, ,0.9862,0.9757,0.6786,0.6914,0.7041,0.6818,0.6924,0.6839,0.6787
,Dataset,MSE,BCE,WBCE,Any_Fbeta,WBCEFL,Any_Gmean,WBCEGL,Any_BAccu,WBCEBL
Acc,D,0.9305,0.9296,0.6699,0.7024,0.6339,0.6492,0.6781,0.6772,0.669
F1,S,0,0,0.2474,0.2226,0.2247,0.2301,0.2437,0.2265,0.2339
Gmean,61,0,0,0.7107,0.6548,0.6789,0.6928,0.7041,0.6747,0.6884
B_Acc,C,0.5,0.4995,0.7139,0.6605,0.6875,0.6974,0.7072,0.6836,0.6904
Pre,S,0,0,0.1478,0.1366,0.1325,0.136,0.1463,0.1363,0.1402
Rec,V,0,0,0.765,0.6117,0.75,0.7533,0.7408,0.6908,0.715
Spe, ,1,0.999,0.6628,0.7093,0.6251,0.6415,0.6735,0.6764,0.6657
,Dataset,MSE,BCE,WBCE,Any_Fbeta,WBCEFL,Any_Gmean,WBCEGL,Any_BAccu,WBCEBL
Acc,D,0.917,0.9273,0.891,0.91,0.9091,0.8797,0.8927,0.8901,0.8927
F1,S,0.791,0.8208,0.7912,0.813,0.8119,0.7759,0.7942,0.7864,0.7947
Gmean,62,0.835,0.8589,0.9028,0.8935,0.897,0.8979,0.9039,0.897,0.9068
B_Acc,C,0.8463,0.8668,0.9035,0.8948,0.8984,0.8991,0.9046,0.8974,0.9074
Pre,S,0.892,0.9031,0.6936,0.7724,0.7617,0.6666,0.6987,0.694,0.6931
Rec,V,0.7192,0.7581,0.9259,0.8674,0.879,0.9338,0.9259,0.9104,0.9337
Spe, ,0.9733,0.9756,0.8811,0.9222,0.9178,0.8644,0.8833,0.8844,0.8811
,Dataset,MSE,BCE,WBCE,Any_Fbeta,WBCEFL,Any_Gmean,WBCEGL,Any_BAccu,WBCEBL
Acc,D,0.9379,0.9424,0.8227,0.8871,0.8576,0.7705,0.8061,0.8174,0.7932
F1,S,0.6014,0.5862,0.4975,0.5621,0.5281,0.4376,0.4787,0.4838,0.4669
Gmean,63,0.7014,0.6629,0.8625,0.8299,0.854,0.8417,0.8631,0.8522,0.8619
B_Acc,C,0.745,0.7218,0.866,0.8359,0.8559,0.8477,0.8674,0.8556,0.8676
Pre,S,0.7462,0.8882,0.3438,0.4475,0.3833,0.2856,0.3219,0.3324,0.3094
Rec,V,0.5077,0.4503,0.9193,0.773,0.854,0.943,0.943,0.9027,0.9593
Spe, ,0.9824,0.9933,0.8127,0.8988,0.8578,0.7525,0.7918,0.8085,0.7759
,Dataset,MSE,BCE,WBCE,Any_Fbeta,WBCEFL,Any_Gmean,WBCEGL,Any_BAccu,WBCEBL
Acc,D,1,1,1,1,1,1,1,1,1
F1,S,1,1,1,1,1,1,1,1,1
Gmean,64,1,1,1,1,1,1,1,1,1
B_Acc,C,1,1,1,1,1,1,1,1,1
Pre,S,1,1,1,1,1,1,1,1,1
Rec,V,1,1,1,1,1,1,1,1,1
Spe, ,1,1,1,1,1,1,1,1,1
,Dataset,MSE,BCE,WBCE,Any_Fbeta,WBCEFL,Any_Gmean,WBCEGL,Any_BAccu,WBCEBL
Acc,D,0.9061,0.9033,0.7538,0.8286,0.7846,0.7257,0.7572,0.7456,0.7524
F1,S,0.4988,0.4935,0.4589,0.5068,0.467,0.4405,0.4566,0.4387,0.4659
Gmean,65,0.6163,0.6167,0.7876,0.7728,0.7786,0.783,0.784,0.7652,0.8016
B_Acc,C,0.6883,0.6866,0.7922,0.7768,0.781,0.7908,0.7869,0.7683,0.8059
Pre,S,0.7194,0.6842,0.3178,0.399,0.3353,0.2965,0.3173,0.3061,0.3184
Rec,V,0.4,0.3998,0.843,0.7083,0.776,0.877,0.826,0.7983,0.8767
Spe, ,0.9766,0.9735,0.7414,0.8453,0.7859,0.7047,0.7476,0.7383,0.7352
,Dataset,MSE,BCE,WBCE,Any_Fbeta,WBCEFL,Any_Gmean,WBCEGL,Any_BAccu,WBCEBL
Acc,D,0.897,0.8983,0.6795,0.7422,0.7249,0.6821,0.7013,0.7159,0.7006
F1,S,0,0.07528,0.326,0.3822,0.3771,0.3553,0.3532,0.3638,0.3524
Gmean,66,0,0.1493,0.7111,0.757,0.761,0.7499,0.7393,0.7484,0.7391
B_Acc,C,0.4996,0.5197,0.7135,0.7595,0.7637,0.7565,0.7422,0.7504,0.7419
Pre,S,0,0.4,0.208,0.2536,0.246,0.225,0.2276,0.2361,0.2269
Rec,V,0,0.04372,0.7562,0.7812,0.8125,0.85,0.7938,0.7938,0.7937
Spe, ,0.9993,0.9957,0.6707,0.7377,0.715,0.6629,0.6907,0.707,0.69
,Dataset,MSE,BCE,WBCE,Any_Fbeta,WBCEFL,Any_Gmean,WBCEGL,Any_BAccu,WBCEBL
Acc,D,0.7361,0.7477,0.6661,0.6661,0.6545,0.7095,0.6945,0.7344,0.6788
F1,S,0.5058,0.5216,0.621,0.6435,0.6297,0.6346,0.6348,0.6515,0.6193
Gmean,67,0.6212,0.6323,0.714,0.721,0.71,0.7402,0.7362,0.7296,0.7167
B_Acc,C,0.6547,0.6657,0.7367,0.7599,0.7472,0.7467,0.7487,0.755,0.7349
Pre,S,0.5769,0.6044,0.4712,0.477,0.4644,0.5111,0.4954,0.6054,0.483
Rec,V,0.4516,0.4612,0.9131,0.9942,0.9787,0.8398,0.8841,0.8067,0.8748
Spe, ,0.8578,0.8703,0.5603,0.5256,0.5157,0.6537,0.6132,0.7033,0.595
,Dataset,MSE,BCE,WBCE,Any_Fbeta,WBCEFL,Any_Gmean,WBCEGL,Any_BAccu,WBCEBL
Acc,D,0.9645,0.9583,0.9547,0.9403,0.9619,0.9382,0.9547,0.95,0.9506
F1,S,0.9498,0.9418,0.9379,0.9219,0.9476,0.919,0.9382,0.9333,0.9331
Gmean,68,0.9648,0.9609,0.9615,0.952,0.9677,0.9496,0.9615,0.9592,0.9588
B_Acc,C,0.9648,0.9611,0.9618,0.9532,0.968,0.9509,0.9618,0.96,0.9593
Pre,S,0.9346,0.9158,0.8953,0.8606,0.911,0.8583,0.8961,0.8822,0.8847
Rec,V,0.9658,0.9703,0.9851,0.9955,0.9881,0.9925,0.9851,0.9926,0.9881
Spe, ,0.9637,0.9519,0.9385,0.9109,0.948,0.9093,0.9385,0.9274,0.9306
,Dataset,MSE,BCE,WBCE,Any_Fbeta,WBCEFL,Any_Gmean,WBCEGL,Any_BAccu,WBCEBL
Acc,D,0.9985,0.9985,0.998,0.9985,0.9985,0.9105,0.998,0.8185,0.9985
F1,S,0.9924,0.9924,0.9899,0.9924,0.9924,0.7024,0.9899,0.8287,0.9924
Gmean,69,0.9924,0.9924,0.9922,0.9924,0.9924,0.9445,0.9922,0.7924,0.9924
B_Acc,C,0.9925,0.9925,0.9922,0.9925,0.9925,0.9458,0.9922,0.8925,0.9925
Pre,S,1,1,0.995,1,1,0.5557,0.9951,0.82,1
Rec,V,0.985,0.985,0.985,0.985,0.985,0.99,0.985,0.985,0.985
Spe, ,1,1,0.9994,1,1,0.9017,0.9994,0.8,1
,Dataset,MSE,BCE,WBCE,Any_Fbeta,WBCEFL,Any_Gmean,WBCEGL,Any_BAccu,WBCEBL
Acc,D,0.985,0.984,0.763,0.979,0.9465,0.8825,0.8,0.909,0.7875
F1,S,0.9295,0.9245,0.458,0.9054,0.7924,0.6261,0.4997,0.7028,0.4851
Gmean,70,0.9849,0.9777,0.8562,0.9793,0.9676,0.9218,0.88,0.939,0.872
B_Acc,C,0.985,0.9778,0.8661,0.9794,0.9681,0.9236,0.8867,0.9406,0.8797
Pre,S,0.8813,0.8848,0.2979,0.8448,0.6624,0.4627,0.3339,0.5609,0.3211
Rec,V,0.985,0.97,0.995,0.98,0.995,0.975,0.995,0.98,0.995
Spe, ,0.985,0.9855,0.7372,0.9789,0.9411,0.8722,0.7783,0.9011,0.7644
,Dataset,MSE,BCE,WBCE,Any_Fbeta,WBCEFL,Any_Gmean,WBCEGL,Any_BAccu,WBCEBL
Acc,D,0.9875,0.989,0.8125,0.9845,0.955,0.876,0.8225,0.9285,0.832
F1,S,0.9388,0.946,0.5146,0.9266,0.8113,0.6129,0.5248,0.605,0.54
Gmean,71,0.9728,0.9737,0.8777,0.978,0.9526,0.9182,0.8862,0.7665,0.8919
B_Acc,C,0.973,0.9739,0.8825,0.9781,0.9528,0.92,0.8903,0.867,0.8955
Pre,S,0.924,0.9381,0.352,0.888,0.7111,0.4478,0.3594,0.4918,0.3742
Rec,V,0.955,0.955,0.97,0.97,0.95,0.975,0.975,0.79,0.975
Spe, ,0.9911,0.9928,0.795,0.9861,0.9555,0.865,0.8056,0.9439,0.8161
,Dataset,MSE,BCE,WBCE,Any_Fbeta,WBCEFL,Any_Gmean,WBCEGL,Any_BAccu,WBCEBL
Acc,D,0.9925,0.993,0.8845,0.9905,0.982,0.867,0.896,0.966,0.8725
F1,S,0.9628,0.9653,0.6346,0.9536,0.9169,0.6014,0.6585,0.8588,0.6143
Gmean,72,0.9801,0.9826,0.9294,0.9834,0.9833,0.9126,0.9361,0.9765,0.9223
B_Acc,C,0.9803,0.9828,0.9314,0.9836,0.9833,0.915,0.9378,0.9767,0.9247
Pre,S,0.9613,0.9612,0.4688,0.9341,0.8585,0.4378,0.4953,0.7639,0.448
Rec,V,0.965,0.97,0.99,0.975,0.985,0.975,0.99,0.99,0.99
Spe, ,0.9956,0.9956,0.8728,0.9922,0.9817,0.855,0.8856,0.9633,0.8594
,Dataset,MSE,BCE,WBCE,Any_Fbeta,WBCEFL,Any_Gmean,WBCEGL,Any_BAccu,WBCEBL
Acc,D,0.9825,0.9815,0.774,0.97,0.9375,0.856,0.784,0.917,0.7615
F1,S,0.9151,0.9084,0.4724,0.8642,0.7615,0.5715,0.4818,0.7021,0.4517
Gmean,73,0.9654,0.9511,0.8573,0.9609,0.9472,0.9002,0.8676,0.9314,0.8498
B_Acc,C,0.9658,0.9519,0.8655,0.9611,0.9475,0.9022,0.8756,0.9317,0.8586
Pre,S,0.888,0.9025,0.3134,0.7937,0.6367,0.4071,0.3195,0.5612,0.2938
Rec,V,0.945,0.915,0.98,0.95,0.96,0.96,0.99,0.95,0.98
Spe, ,0.9867,0.9889,0.7511,0.9722,0.935,0.8444,0.7611,0.9133,0.7372
,Dataset,MSE,BCE,WBCE,Any_Fbeta,WBCEFL,Any_Gmean,WBCEGL,Any_BAccu,WBCEBL
Acc,D,0.95,0.952,0.7795,0.9675,0.9125,0.857,0.7975,0.913,0.783
F1,S,0.7799,0.7816,0.4589,0.8549,0.681,0.5623,0.4841,0.6984,0.4676
Gmean,74,0.9151,0.9111,0.8378,0.9597,0.9113,0.8814,0.8548,0.9397,0.8498
B_Acc,C,0.9167,0.9133,0.8419,0.9597,0.9114,0.8828,0.8586,0.9406,0.855
Pre,S,0.7094,0.716,0.3072,0.7782,0.5483,0.4074,0.328,0.5486,0.3114
Rec,V,0.875,0.865,0.92,0.95,0.91,0.915,0.935,0.975,0.945
Spe, ,0.9583,0.9617,0.7639,0.9695,0.9128,0.8506,0.7822,0.9061,0.765
,Dataset,MSE,BCE,WBCE,Any_Fbeta,WBCEFL,Any_Gmean,WBCEGL,Any_BAccu,WBCEBL
Acc,D,0.887,0.8885,0.8225,0.869,0.861,0.8415,0.827,0.853,0.826
F1,S,0.78,0.7863,0.7158,0.7715,0.7619,0.7403,0.7237,0.7524,0.7233
Gmean,75,0.8277,0.8349,0.8145,0.8421,0.8399,0.8302,0.821,0.8351,0.8214
B_Acc,C,0.837,0.8424,0.8156,0.8452,0.8418,0.831,0.822,0.8368,0.8224
Pre,S,0.8549,0.8467,0.6502,0.7594,0.731,0.6851,0.6562,0.713,0.6533
Rec,V,0.7232,0.7375,0.8,0.7911,0.7982,0.8071,0.8107,0.8,0.8143
Spe, ,0.9507,0.9472,0.8313,0.8993,0.8854,0.8549,0.8333,0.8736,0.8306
,Dataset,MSE,BCE,WBCE,Any_Fbeta,WBCEFL,Any_Gmean,WBCEGL,Any_BAccu,WBCEBL
Acc,D,0.9095,0.9135,0.8015,0.9135,0.8895,0.8565,0.8,0.8685,0.7795
F1,S,0.6836,0.7074,0.545,0.7343,0.6839,0.6198,0.5423,0.6456,0.5226
Gmean,76,0.8351,0.8642,0.8382,0.9126,0.9004,0.8713,0.8402,0.888,0.8365
B_Acc,C,0.8406,0.8673,0.8418,0.9129,0.9008,0.872,0.8427,0.8886,0.8407
Pre,S,0.6315,0.6327,0.3956,0.6166,0.5461,0.4753,0.3893,0.4994,0.3646
Rec,V,0.7472,0.8048,0.8964,0.912,0.916,0.8929,0.9006,0.9159,0.9234
Spe, ,0.9339,0.9298,0.7872,0.9137,0.8856,0.8511,0.785,0.8614,0.7579
,Dataset,MSE,BCE,WBCE,Any_Fbeta,WBCEFL,Any_Gmean,WBCEGL,Any_BAccu,WBCEBL
Acc,D,0.936,0.936,0.885,0.9365,0.911,0.887,0.9005,0.906,0.89
F1,S,0.8557,0.8582,0.7959,0.8713,0.8294,0.7956,0.814,0.8213,0.8011
Gmean,77,0.8808,0.8861,0.8967,0.9177,0.9042,0.8955,0.9003,0.9018,0.8976
B_Acc,C,0.8864,0.8906,0.8973,0.9185,0.9045,0.8958,0.9004,0.9019,0.8978
Pre,S,0.9342,0.923,0.7031,0.8619,0.7771,0.7056,0.7438,0.7599,0.7151
Rec,V,0.7905,0.8028,0.9211,0.8837,0.892,0.9127,0.9003,0.8941,0.9127
Spe, ,0.9822,0.9783,0.8736,0.9533,0.917,0.8789,0.9006,0.9098,0.8828
,Dataset,MSE,BCE,WBCE,Any_Fbeta,WBCEFL,Any_Gmean,WBCEGL,Any_BAccu,WBCEBL
Acc,D,0.8516,0.8563,0.7259,0.5738,0.689,0.6875,0.706,0.6899,0.716
F1,S,0.2856,0.2788,0.4514,0.402,0.4348,0.4393,0.4388,0.4411,0.4489
Gmean,78,0.4319,0.4183,0.7253,0.5785,0.7201,0.7247,0.7191,0.7273,0.7275
B_Acc,C,0.5838,0.5804,0.7263,0.6816,0.722,0.7275,0.7196,0.7301,0.728
Pre,S,0.5946,0.6259,0.3283,0.2712,0.3035,0.3058,0.3126,0.3068,0.3217
Rec,V,0.1962,0.1809,0.7269,0.8376,0.7698,0.7853,0.7392,0.7884,0.7454
Spe, ,0.9714,0.9798,0.7257,0.5257,0.6742,0.6697,0.7,0.6719,0.7106
,Dataset,MSE,BCE,WBCE,Any_Fbeta,WBCEFL,Any_Gmean,WBCEGL,Any_BAccu,WBCEBL
Acc,D,0.776,0.7728,0.7515,0.3535,0.632,0.7451,0.7624,0.776,0.7624
F1,S,0.5814,0.5717,0.5798,0.4892,0.555,0.5814,0.5811,0.5814,0.5811
Gmean,79,0.6646,0.6566,0.6718,0.1013,0.6281,0.673,0.6698,0.6646,0.6698
B_Acc,C,0.6996,0.6943,0.6932,0.5114,0.6451,0.6926,0.6972,0.6996,0.6972
Pre,S,0.7319,0.728,0.6549,0.33,0.4881,0.647,0.6861,0.7319,0.6861
Rec,V,0.4838,0.4725,0.5287,0.9577,0.6822,0.5442,0.5132,0.4838,0.5132
Spe, ,0.9154,0.9161,0.8577,0.0651,0.608,0.8409,0.8812,0.9154,0.8812
,Dataset,MSE,BCE,WBCE,Any_Fbeta,WBCEFL,Any_Gmean,WBCEGL,Any_BAccu,WBCEBL
Acc,D,0.9952,0.9922,0.9407,0.9961,0.9896,0.9662,0.9411,0.9931,0.9567
F1,S,0.9833,0.9729,0.829,0.9865,0.9644,0.8956,0.8392,0.9761,0.8694
Gmean,80,0.9896,0.9865,0.9598,0.9926,0.9876,0.9776,0.9597,0.9909,0.9682
B_Acc,C,0.9896,0.9866,0.9604,0.9927,0.9876,0.9778,0.9606,0.9909,0.9684
Pre,S,0.9853,0.9678,0.7175,0.9859,0.9451,0.8176,0.7435,0.965,0.7824
Rec,V,0.9818,0.9788,0.9879,0.9879,0.9848,0.9939,0.9879,0.9879,0.9848
Spe, ,0.9975,0.9944,0.9328,0.9975,0.9904,0.9616,0.9333,0.9939,0.952
,Dataset,MSE,BCE,WBCE,Any_Fbeta,WBCEFL,Any_Gmean,WBCEGL,Any_BAccu,WBCEBL
Acc,D,0.9518,0.951,0.8421,0.9393,0.9273,0.8986,0.8637,0.9103,0.8725
F1,S,0.8677,0.8652,0.6849,0.8403,0.8215,0.764,0.7133,0.7823,0.7274
Gmean,81,0.9238,0.9188,0.8802,0.9187,0.9225,0.9035,0.89,0.9043,0.8993
B_Acc,C,0.9253,0.9203,0.883,0.9196,0.923,0.9039,0.8916,0.9046,0.9006
Pre,S,0.8559,0.8611,0.5387,0.8,0.7503,0.6595,0.5794,0.6964,0.5929
Rec,V,0.884,0.8724,0.9467,0.8887,0.9165,0.912,0.935,0.8956,0.9443
Spe, ,0.9666,0.9681,0.8193,0.9504,0.9297,0.8957,0.8482,0.9135,0.8568
,Dataset,MSE,BCE,WBCE,Any_Fbeta,WBCEFL,Any_Gmean,WBCEGL,Any_BAccu,WBCEBL
Acc,D,0.9801,0.9781,0.9284,0.9851,0.9743,0.9516,0.9255,0.957,0.9193
F1,S,0.9613,0.9566,0.8759,0.9708,0.9512,0.9115,0.8706,0.9199,0.8635
Gmean,83,0.9759,0.9685,0.9442,0.9803,0.9753,0.9582,0.9418,0.9583,0.9393
B_Acc,C,0.976,0.9688,0.945,0.9804,0.9753,0.9584,0.9425,0.9584,0.9405
Pre,S,0.9551,0.9638,0.794,0.971,0.9267,0.8586,0.7855,0.8827,0.7717
Rec,V,0.9676,0.9498,0.9789,0.9708,0.9773,0.9724,0.9773,0.9612,0.9838
Spe, ,0.9845,0.9878,0.9111,0.99,0.9733,0.9444,0.9077,0.9555,0.8972
,Dataset,MSE,BCE,WBCE,Any_Fbeta,WBCEFL,Any_Gmean,WBCEGL,Any_BAccu,WBCEBL
Acc,D,0.9373,0.9381,0.6046,0.8188,0.7049,0.6918,0.6286,0.7431,0.6184
F1,S,0.03244,0.05128,0.2249,0.3544,0.2738,0.2589,0.2317,0.3021,0.2261
Gmean,85,0.0611,0.0789,0.7265,0.7959,0.7678,0.7587,0.7351,0.7916,0.7252
B_Acc,C,0.509,0.5152,0.7453,0.7984,0.7725,0.7656,0.7494,0.7959,0.741
Pre,S,0.12,0.1429,0.1285,0.2317,0.1641,0.153,0.1333,0.1849,0.1299
Rec,V,0.01876,0.03124,0.9063,0.775,0.85,0.85,0.8875,0.8562,0.8813
Spe, ,0.9992,0.9992,0.5843,0.8218,0.6951,0.6812,0.6112,0.7355,0.6007
,Dataset,MSE,BCE,WBCE,Any_Fbeta,WBCEFL,Any_Gmean,WBCEGL,Any_BAccu,WBCEBL
Acc,D,0.9307,0.9304,0.6345,0.7663,0.6874,0.6565,0.6629,0.7238,0.6684
F1,S,0,0,0.2494,0.3241,0.2767,0.2502,0.2667,0.2965,0.2721
Gmean,86,0,0,0.7341,0.7787,0.7616,0.7279,0.7539,0.771,0.7625
B_Acc,C,0.5,0.4998,0.7456,0.7798,0.7675,0.7337,0.7629,0.7741,0.7723
Pre,S,0,0,0.1455,0.2046,0.165,0.1476,0.1573,0.1809,0.1606
Rec,V,0,0,0.8744,0.7954,0.8605,0.8233,0.8791,0.8326,0.893
Spe, ,1,0.9997,0.6167,0.7642,0.6745,0.644,0.6468,0.7157,0.6517
,Dataset,MSE,BCE,WBCE,Any_Fbeta,WBCEFL,Any_Gmean,WBCEGL,Any_BAccu,WBCEBL
Acc,D,0.9452,0.9455,0.9149,0.9758,0.9768,0.8083,0.912,0.9356,0.9207
F1,S,0.537,0.5351,0.672,0.8646,0.8728,0.4604,0.6624,0.7252,0.6732
Gmean,87,0.619,0.6141,0.9472,0.949,0.9655,0.8798,0.9472,0.9391,0.9298
B_Acc,C,0.6918,0.6884,0.9483,0.9497,0.966,0.8847,0.9484,0.94,0.9304
Pre,S,0.9049,0.9222,0.517,0.821,0.81,0.3017,0.5029,0.6061,0.5268
Rec,V,0.3877,0.3799,0.9883,0.9183,0.9531,0.9766,0.9922,0.9454,0.9421
Spe, ,0.9958,0.9968,0.9083,0.981,0.9789,0.793,0.9047,0.9346,0.9188
,Dataset,MSE,BCE,WBCE,Any_Fbeta,WBCEFL,Any_Gmean,WBCEGL,Any_BAccu,WBCEBL
Acc,D,0.9679,0.9605,0.8855,0.9632,0.94,0.9497,0.9114,0.9566,0.8759
F1,S,0.9362,0.9232,0.8075,0.928,0.8876,0.9039,0.842,0.9157,0.7959
Gmean,88,0.9718,0.9671,0.9171,0.9694,0.9544,0.9609,0.9349,0.9653,0.9107
B_Acc,C,0.9719,0.9673,0.9198,0.9695,0.9549,0.9613,0.9361,0.9654,0.9142
Pre,S,0.8973,0.8741,0.6866,0.8808,0.8096,0.8371,0.7364,0.8579,0.6695
Rec,V,0.9794,0.9804,0.9856,0.9815,0.9835,0.9835,0.9835,0.9825,0.9876
Spe, ,0.9643,0.9542,0.8539,0.9575,0.9263,0.939,0.8887,0.9484,0.8407
,Dataset,MSE,BCE,WBCE,Any_Fbeta,WBCEFL,Any_Gmean,WBCEGL,Any_BAccu,WBCEBL
Acc,D,0.814,0.812,0.7407,0.7264,0.6911,0.726,0.7376,0.7508,0.7316
F1,S,0.5575,0.5564,0.6025,0.5853,0.5759,0.5854,0.5971,0.6037,0.5972
Gmean,89,0.6616,0.662,0.7569,0.7424,0.7348,0.7428,0.7521,0.7553,0.7534
B_Acc,C,0.6999,0.6994,0.7578,0.7435,0.7424,0.7438,0.753,0.7554,0.7553
Pre,S,0.6813,0.6747,0.4866,0.47,0.4377,0.4692,0.4829,0.4991,0.4761
Rec,V,0.4734,0.4761,0.7917,0.7773,0.844,0.7791,0.7836,0.7647,0.8025
Spe, ,0.9263,0.9228,0.7239,0.7097,0.6407,0.7085,0.7224,0.7462,0.7082
,Dataset,MSE,BCE,WBCE,Any_Fbeta,WBCEFL,Any_Gmean,WBCEGL,Any_BAccu,WBCEBL
Acc,D,0.8865,0.8876,0.7306,0.795,0.752,0.7122,0.7297,0.7388,0.7248
F1,S,0.2701,0.3108,0.4233,0.4557,0.4314,0.4058,0.4192,0.4266,0.4165
Gmean,90,0.3936,0.4633,0.7826,0.7721,0.7785,0.7672,0.7766,0.7749,0.7766
B_Acc,C,0.5887,0.5993,0.786,0.7731,0.7797,0.7714,0.7796,0.7781,0.7803
Pre,S,0.4122,0.5316,0.281,0.3286,0.2935,0.2671,0.2791,0.289,0.2758
Rec,V,0.2015,0.2247,0.858,0.7448,0.8158,0.8484,0.8446,0.8292,0.8523
Spe, ,0.9758,0.974,0.714,0.8015,0.7437,0.6945,0.7148,0.727,0.7082
,Dataset,MSE,BCE,WBCE,Any_Fbeta,WBCEFL,Any_Gmean,WBCEGL,Any_BAccu,WBCEBL
Acc,D,0.8498,0.8461,0.84,0.8424,0.8409,0.8489,0.8422,0.8496,0.8442
F1,S,0.7945,0.7886,0.8043,0.8029,0.805,0.8091,0.8034,0.8073,0.8066
Gmean,91,0.8244,0.8198,0.8382,0.8372,0.8393,0.8419,0.8374,0.8395,0.84
B_Acc,C,0.83,0.826,0.8387,0.8376,0.8395,0.8426,0.8379,0.8408,0.8405
Pre,S,0.8645,0.8596,0.7799,0.7918,0.7793,0.8062,0.7907,0.8166,0.7921
Rec,V,0.7363,0.7314,0.8323,0.8147,0.8328,0.8125,0.8174,0.7992,0.8235
Spe, ,0.9236,0.9207,0.8451,0.8605,0.8461,0.8727,0.8583,0.8823,0.8576
,Dataset,MSE,BCE,WBCE,Any_Fbeta,WBCEFL,Any_Gmean,WBCEGL,Any_BAccu,WBCEBL
Acc,D,0.9988,0.9994,0.9428,0.9953,0.9928,0.9489,0.942,0.9644,0.9391
F1,S,0.9963,0.9982,0.8546,0.9864,0.9794,0.8673,0.8552,0.9043,0.8478
Gmean,92,0.9978,0.9996,0.965,0.9967,0.9957,0.966,0.9644,0.9726,0.9626
B_Acc,C,0.9978,0.9996,0.9656,0.9967,0.9957,0.9664,0.9651,0.9727,0.9634
Pre,S,0.9963,0.9964,0.7465,0.9748,0.9602,0.7704,0.75,0.8375,0.7375
Rec,V,0.9963,1,1,0.9988,1,0.9927,1,0.9853,1
Spe, ,0.9993,0.9993,0.9312,0.9946,0.9914,0.9402,0.9303,0.9602,0.9268
,Dataset,MSE,BCE,WBCE,Any_Fbeta,WBCEFL,Any_Gmean,WBCEGL,Any_BAccu,WBCEBL
Acc,D,0.8898,0.8872,0.8432,0.861,0.8488,0.8552,0.8528,0.8612,0.8414
F1,S,0.8333,0.8309,0.8047,0.8179,0.8094,0.8155,0.8136,0.818,0.8035
Gmean,93,0.869,0.8687,0.8659,0.8741,0.8696,0.8739,0.8729,0.8742,0.8653
B_Acc,C,0.8712,0.8704,0.8701,0.8755,0.873,0.8766,0.876,0.8756,0.8699
Pre,S,0.8559,0.8446,0.6967,0.7368,0.7067,0.7193,0.713,0.737,0.6921
Rec,V,0.8138,0.8186,0.9533,0.9202,0.948,0.9427,0.948,0.9202,0.958
Spe, ,0.9286,0.9223,0.7869,0.8307,0.7981,0.8105,0.8041,0.831,0.7817
,Dataset,MSE,BCE,WBCE,Any_Fbeta,WBCEFL,Any_Gmean,WBCEGL,Any_BAccu,WBCEBL
Acc,D,0.8774,0.8766,0.7914,0.8072,0.7772,0.7186,0.76,0.7364,0.7714
F1,S,0.3705,0.3789,0.544,0.5504,0.5154,0.4519,0.4956,0.4633,0.5173
Gmean,94,0.4995,0.5088,0.8234,0.8103,0.7948,0.7572,0.7876,0.7626,0.8043
B_Acc,C,0.6215,0.6228,0.8248,0.8104,0.7952,0.7599,0.7887,0.7644,0.8061
Pre,S,0.6539,0.6581,0.3963,0.418,0.3775,0.3128,0.3541,0.3263,0.3726
Rec,V,0.2647,0.2688,0.8713,0.8147,0.8204,0.8175,0.8288,0.8034,0.8544
Spe, ,0.9783,0.9767,0.7782,0.806,0.7701,0.7023,0.7487,0.7254,0.7577
,Dataset,MSE,BCE,WBCE,Any_Fbeta,WBCEFL,Any_Gmean,WBCEGL,Any_BAccu,WBCEBL
Acc,D,0.7807,0.7791,0.7422,0.7073,0.7034,0.7704,0.7456,0.7578,0.7306
F1,S,0.6231,0.6235,0.6451,0.6351,0.6307,0.668,0.6492,0.6569,0.6401
Gmean,95,0.724,0.7254,0.7575,0.7413,0.7395,0.7746,0.7605,0.7639,0.7512
B_Acc,C,0.7337,0.7342,0.7588,0.7535,0.7501,0.7748,0.7619,0.7659,0.7552
Pre,S,0.6282,0.6232,0.5413,0.506,0.4988,0.5815,0.5462,0.5679,0.5296
Rec,V,0.6198,0.6255,0.7989,0.8657,0.8631,0.7856,0.8014,0.7856,0.8146
Spe, ,0.8475,0.8428,0.7187,0.6414,0.637,0.764,0.7223,0.7462,0.6956
,Dataset,MSE,BCE,WBCE,Any_Fbeta,WBCEFL,Any_Gmean,WBCEGL,Any_BAccu,WBCEBL
Acc,D,0.9574,0.9525,0.9087,0.7702,0.9359,0.8579,0.9004,0.9044,0.9092
F1,S,0.7599,0.7217,0.6742,0.6233,0.739,0.5799,0.6551,0.6645,0.6751
Gmean,96,0.8089,0.7735,0.9134,0.7111,0.9124,0.9001,0.9104,0.9103,0.9144
B_Acc,C,0.826,0.7979,0.9135,0.8127,0.9129,0.9018,0.9105,0.9104,0.9146
Pre,S,0.8955,0.9009,0.5329,0.5455,0.6356,0.4161,0.508,0.5222,0.5333
Rec,V,0.6607,0.6036,0.9196,0.8661,0.8839,0.9571,0.9232,0.9179,0.9214
Spe, ,0.9912,0.9923,0.9074,0.7593,0.9418,0.8466,0.8979,0.9029,0.9078
,Dataset,MSE,BCE,WBCE,Any_Fbeta,WBCEFL,Any_Gmean,WBCEGL,Any_BAccu,WBCEBL
Acc,D,0.9867,0.9865,0.8722,0.9824,0.9749,0.8701,0.8644,0.9436,0.8706
F1,S,0.934,0.9331,0.6166,0.9175,0.8869,0.6072,0.604,0.7812,0.6143
Gmean,97,0.9586,0.9585,0.9218,0.9722,0.9697,0.9171,0.9148,0.9553,0.9172
B_Acc,C,0.9592,0.9591,0.9242,0.9723,0.9697,0.9192,0.9176,0.9554,0.9195
Pre,S,0.944,0.942,0.45,0.8794,0.8223,0.4402,0.4392,0.6574,0.4507
Rec,V,0.9248,0.9248,0.9895,0.9597,0.9632,0.9808,0.9843,0.9702,0.9808
Spe, ,0.9937,0.9935,0.859,0.9849,0.9762,0.8576,0.8508,0.9405,0.8582
,Dataset,MSE,BCE,WBCE,Any_Fbeta,WBCEFL,Any_Gmean,WBCEGL,Any_BAccu,WBCEBL
Acc,D,1,0.9995,0.9464,0.9656,0.9995,0.9379,0.9497,0.9896,0.9538
F1,S,1,0.9985,0.8544,0.9283,0.9985,0.8389,0.8601,0.9674,0.8722
Gmean,98,1,0.9993,0.9677,0.9785,0.9997,0.9611,0.9698,0.9938,0.9722
B_Acc,C,1,0.9993,0.9683,0.9797,0.9997,0.9621,0.9703,0.9938,0.9727
Pre,S,1,0.998,0.7487,0.8944,0.9971,0.7311,0.7549,0.9372,0.7765
Rec,V,1,0.999,1,1,1,0.997,1,1,1
Spe, ,1,0.9996,0.9366,0.9593,0.9995,0.9271,0.9405,0.9877,0.9453
,Dataset,MSE,BCE,WBCE,Any_Fbeta,WBCEFL,Any_Gmean,WBCEGL,Any_BAccu,WBCEBL
Acc,D,1,0.9997,0.9444,0.9945,0.9997,0.9544,0.9386,0.9923,0.9247
F1,S,1,0.999,0.8472,0.9836,0.999,0.8726,0.8373,0.9756,0.8069
Gmean,99,1,0.9998,0.9666,0.9968,0.9998,0.9726,0.9629,0.9942,0.9543
B_Acc,C,1,0.9998,0.9671,0.9968,0.9998,0.973,0.9637,0.9942,0.9555
Pre,S,1,0.998,0.735,0.9692,0.998,0.7759,0.7232,0.9553,0.6795
Rec,V,1,1,1,1,1,1,1,0.997,1
Spe, ,1,0.9996,0.9343,0.9935,0.9996,0.9461,0.9274,0.9914,0.911
,Dataset,MSE,BCE,WBCE,Any_Fbeta,WBCEFL,Any_Gmean,WBCEGL,Any_BAccu,WBCEBL
Acc,D,0.8895,0.8895,0.5777,0.533,0.5331,0.5983,0.57,0.5445,0.5675
F1,S,0,0,0.3109,0.3043,0.2998,0.3124,0.3041,0.2999,0.3049
Gmean,100,0,0,0.6822,0.6679,0.6629,0.6857,0.6742,0.6637,0.6744
B_Acc,C,0.5,0.5,0.7017,0.7042,0.6958,0.6975,0.6929,0.6926,0.6943
Pre,S,0,0,0.1898,0.1823,0.1798,0.1927,0.1852,0.1808,0.1855
Rec,V,0,0,0.8609,0.9241,0.9047,0.8249,0.8506,0.8827,0.8571
Spe, ,1,1,0.5424,0.4844,0.487,0.5701,0.5351,0.5025,0.5316
,Dataset,MSE,BCE,WBCE,Any_Fbeta,WBCEFL,Any_Gmean,WBCEGL,Any_BAccu,WBCEBL
Acc,D,0.9315,0.9315,0.5486,0.5868,0.5394,0.5674,0.5606,0.559,0.5797
F1,S,0,0,0.1963,0.1969,0.1952,0.2008,0.2001,0.1997,0.2074
Gmean,101,0,0,0.6509,0.6485,0.6489,0.6597,0.6578,0.6526,0.6677
B_Acc,C,0.5,0.5,0.6669,0.656,0.6671,0.6711,0.6725,0.6691,0.6794
Pre,S,0,0,0.1119,0.1139,0.1109,0.1151,0.1144,0.1145,0.1194
Rec,V,0,0,0.804,0.7362,0.815,0.7912,0.8022,0.7967,0.795
Spe, ,1,1,0.5298,0.5758,0.5191,0.5509,0.5429,0.5415,0.5638
,Dataset,MSE,BCE,WBCE,Any_Fbeta,WBCEFL,Any_Gmean,WBCEGL,Any_BAccu,WBCEBL
Acc,D,0.9119,0.9133,0.8962,0.9032,0.9022,0.8901,0.897,0.8961,0.8959
F1,S,0.8492,0.8513,0.8424,0.8467,0.8473,0.8343,0.843,0.8405,0.8418
Gmean,102,0.8837,0.8844,0.9019,0.8977,0.9007,0.897,0.9015,0.8986,0.9009
B_Acc,C,0.8862,0.887,0.9021,0.8979,0.9008,0.8972,0.9017,0.8987,0.9011
Pre,S,0.8794,0.8854,0.7793,0.8124,0.8029,0.7667,0.7829,0.7848,0.7804
Rec,V,0.8211,0.8203,0.9168,0.8845,0.897,0.9152,0.9136,0.9051,0.9144
Spe, ,0.9512,0.9536,0.8873,0.9113,0.9045,0.8793,0.8898,0.8922,0.8878
,Dataset,MSE,BCE,WBCE,Any_Fbeta,WBCEFL,Any_Gmean,WBCEGL,Any_BAccu,WBCEBL
Acc,D,0.9283,0.9309,0.9161,0.9252,0.919,0.9115,0.9175,0.9201,0.9169
F1,S,0.8778,0.8814,0.8703,0.8791,0.8717,0.8634,0.8719,0.8731,0.8715
Gmean,103,0.9047,0.9059,0.9199,0.9175,0.9161,0.9149,0.9197,0.9168,0.9208
B_Acc,C,0.9065,0.9078,0.92,0.9178,0.9162,0.9149,0.9198,0.9168,0.9209
Pre,S,0.9067,0.9163,0.8181,0.8603,0.8376,0.8108,0.8245,0.8403,0.8194
Rec,V,0.851,0.8494,0.9298,0.8991,0.9092,0.9237,0.9257,0.9088,0.931
Spe, ,0.9619,0.9662,0.9102,0.9365,0.9232,0.9062,0.9139,0.9249,0.9107
,Dataset,MSE,BCE,WBCE,Any_Fbeta,WBCEFL,Any_Gmean,WBCEGL,Any_BAccu,WBCEBL
Acc,D,0.8152,0.8168,0.7916,0.7787,0.7826,0.7824,0.7908,0.7842,0.7895
F1,S,0.6866,0.686,0.7149,0.7042,0.7093,0.7056,0.7142,0.7068,0.712
Gmean,104,0.761,0.7592,0.8045,0.7963,0.8005,0.7971,0.8039,0.7978,0.8019
B_Acc,C,0.7702,0.7695,0.8054,0.798,0.8025,0.7985,0.8048,0.7989,0.8029
Pre,S,0.726,0.7336,0.6215,0.6018,0.6062,0.6081,0.6204,0.6114,0.6193
Rec,V,0.6516,0.6449,0.8415,0.849,0.8549,0.8411,0.8419,0.8379,0.838
Spe, ,0.8888,0.8942,0.7692,0.747,0.7501,0.7559,0.7678,0.76,0.7678
,Dataset,MSE,BCE,WBCE,Any_Fbeta,WBCEFL,Any_Gmean,WBCEGL,Any_BAccu,WBCEBL
Acc,D,0.9673,0.9641,0.9194,0.9703,0.9456,0.9258,0.9233,0.95,0.9314
F1,S,0.8986,0.8885,0.7988,0.9129,0.8512,0.8124,0.8062,0.8648,0.8224
Gmean,105,0.9364,0.93,0.9428,0.9642,0.95,0.9483,0.9451,0.961,0.9494
B_Acc,C,0.9375,0.9313,0.9437,0.9643,0.95,0.949,0.9458,0.9612,0.9498
Pre,S,0.9043,0.8947,0.6759,0.8746,0.7677,0.6934,0.6863,0.7764,0.7104
Rec,V,0.8934,0.8829,0.9795,0.9554,0.9566,0.9833,0.9789,0.9777,0.9771
Spe, ,0.9815,0.9797,0.9078,0.9732,0.9435,0.9147,0.9125,0.9447,0.9226
